Tipo;Fecha;Apertura;Cierre;Dif.%;Máximo;Mínimo;Volumen(m)
ibex-35;09/04/2019;9.428,300;9.407,800;-0,32;9.511,200;9.388,300;137.599.807
ibex-35;08/04/2019;9.483,400;9.437,700;-0,76;9.495,100;9.425,200;121.814.457
ibex-35;05/04/2019;9.542,400;9.510,300;-0,25;9.553,600;9.476,500;178.692.082
ibex-35;04/04/2019;9.488,900;9.534,100;0,49;9.551,500;9.472,000;164.758.798
ibex-35;03/04/2019;9.457,100;9.487,800;1,33;9.491,200;9.436,500;173.813.072
ibex-35;02/04/2019;9.356,700;9.363,500;0,23;9.400,700;9.322,900;152.284.249
ibex-35;01/04/2019;9.304,800;9.341,700;1,10;9.355,200;9.269,700;200.871.293
ibex-35;29/03/2019;9.226,500;9.240,300;0,72;9.273,800;9.190,500;181.744.162
ibex-35;28/03/2019;9.214,100;9.174,700;-0,60;9.245,600;9.170,400;153.242.663
ibex-35;27/03/2019;9.194,800;9.229,900;0,51;9.323,500;9.146,100;239.047.719
ibex-35;26/03/2019;9.189,700;9.183,100;0,03;9.211,700;9.151,500;168.850.578
ibex-35;25/03/2019;9.159,400;9.179,900;-0,21;9.232,800;9.127,300;169.093.161
ibex-35;22/03/2019;9.394,600;9.199,400;-1,67;9.395,200;9.188,300;216.681.977
ibex-35;21/03/2019;9.387,400;9.355,600;-0,53;9.397,600;9.326,200;179.840.468
ibex-35;20/03/2019;9.467,700;9.405,600;-0,91;9.509,200;9.405,600;138.666.619
ibex-35;19/03/2019;9.428,400;9.492,300;0,88;9.532,900;9.417,900;150.401.549
ibex-35;18/03/2019;9.350,800;9.409,100;0,72;9.418,800;9.343,900;152.580.328
ibex-35;15/03/2019;9.219,500;9.342,200;1,44;9.342,200;9.216,100;372.906.697
ibex-35;14/03/2019;9.193,700;9.209,800;0,19;9.283,900;9.192,100;155.127.732
ibex-35;13/03/2019;9.134,700;9.192,700;0,34;9.202,700;9.123,000;162.606.638
ibex-35;12/03/2019;9.206,900;9.161,700;-0,11;9.213,800;9.137,200;144.895.924
ibex-35;11/03/2019;9.157,700;9.171,900;0,47;9.181,700;9.106,800;129.690.021
ibex-35;08/03/2019;9.173,200;9.129,300;-1,30;9.205,500;9.110,500;197.951.594
ibex-35;07/03/2019;9.301,000;9.249,900;-0,50;9.366,700;9.216,100;253.051.965
ibex-35;06/03/2019;9.243,100;9.296,700;0,42;9.344,600;9.235,400;140.841.093
ibex-35;05/03/2019;9.255,700;9.258,200;-0,02;9.298,700;9.204,300;140.185.008
ibex-35;04/03/2019;9.309,300;9.259,800;-0,09;9.322,000;9.248,000;112.921.754
ibex-35;01/03/2019;9.313,500;9.267,700;-0,11;9.361,400;9.267,700;167.873.408
ibex-35;28/02/2019;9.166,300;9.277,700;0,72;9.293,100;9.141,000;260.630.475
ibex-35;27/02/2019;9.206,200;9.211,700;-0,17;9.226,200;9.160,900;174.514.381
ibex-35;26/02/2019;9.172,000;9.227,200;0,25;9.235,800;9.141,800;127.095.052
ibex-35;25/02/2019;9.244,200;9.204,300;0,00;9.261,400;9.198,800;131.229.830
ibex-35;22/02/2019;9.184,700;9.204,600;0,15;9.238,900;9.175,300;131.199.621
ibex-35;21/02/2019;9.202,500;9.191,200;0,11;9.224,700;9.162,900;137.605.158
ibex-35;20/02/2019;9.156,800;9.181,100;0,49;9.189,700;9.148,700;130.317.291
ibex-35;19/02/2019;9.152,100;9.136,400;-0,21;9.187,600;9.096,100;117.857.504
ibex-35;18/02/2019;9.134,600;9.155,500;0,35;9.174,700;9.123,600;115.182.808
ibex-35;15/02/2019;8.953,400;9.123,200;1,91;9.134,800;8.918,500;208.112.671
ibex-35;14/02/2019;9.035,700;8.952,500;-0,33;9.038,000;8.943,900;169.672.925
ibex-35;13/02/2019;8.993,300;8.982,400;-0,01;9.015,600;8.956,900;155.297.301
ibex-35;12/02/2019;8.989,500;8.983,100;0,52;9.032,300;8.961,400;138.794.143
ibex-35;11/02/2019;8.905,100;8.936,400;0,90;8.974,800;8.893,100;132.243.254
ibex-35;08/02/2019;8.915,400;8.856,800;-0,91;8.928,400;8.826,500;165.209.912
ibex-35;07/02/2019;9.062,400;8.938,300;-1,79;9.098,400;8.938,300;178.617.900
ibex-35;06/02/2019;9.070,400;9.100,900;0,10;9.113,700;9.055,800;149.917.800
ibex-35;05/02/2019;8.982,000;9.092,000;1,30;9.092,000;8.949,200;210.161.382
ibex-35;04/02/2019;9.015,300;8.975,200;-0,49;9.036,000;8.905,800;221.477.978
ibex-35;01/02/2019;9.058,600;9.019,400;-0,41;9.078,700;8.942,400;286.844.558
ibex-35;31/01/2019;9.103,800;9.056,700;-0,16;9.117,100;8.981,700;222.886.911
ibex-35;30/01/2019;9.123,900;9.071,500;-0,52;9.142,100;9.034,100;154.213.380
ibex-35;29/01/2019;9.064,600;9.119,100;0,63;9.163,800;9.034,100;144.375.460
ibex-35;28/01/2019;9.149,500;9.062,400;-1,34;9.181,500;9.048,900;134.493.411
ibex-35;25/01/2019;9.206,900;9.185,200;0,38;9.225,400;9.164,600;161.488.689
ibex-35;24/01/2019;9.150,000;9.150,000;0,23;9.205,400;9.088,000;163.420.417
ibex-35;23/01/2019;9.011,900;9.128,800;1,01;9.169,700;9.006,400;135.905.271
ibex-35;22/01/2019;9.009,000;9.037,500;-0,18;9.055,600;9.001,100;143.279.703
ibex-35;21/01/2019;9.064,800;9.053,800;-0,17;9.070,600;9.033,200;90.493.549
ibex-35;18/01/2019;8.962,300;9.069,100;1,80;9.080,800;8.950,900;203.550.005
ibex-35;17/01/2019;8.868,100;8.908,600;-0,05;8.939,100;8.850,600;152.919.284
ibex-35;16/01/2019;8.869,500;8.912,700;0,71;8.912,700;8.836,700;176.317.674
ibex-35;15/01/2019;8.878,400;8.850,100;0,36;8.915,900;8.768,200;136.519.804
ibex-35;14/01/2019;8.819,200;8.818,600;-0,66;8.840,400;8.751,200;126.001.014
ibex-35;11/01/2019;8.855,900;8.877,100;0,23;8.900,400;8.836,000;151.619.428
ibex-35;10/01/2019;8.790,000;8.856,800;0,38;8.856,800;8.784,500;148.189.647
ibex-35;09/01/2019;8.887,400;8.823,600;-0,27;8.892,900;8.807,000;160.455.832
ibex-35;08/01/2019;8.783,100;8.847,300;0,81;8.895,900;8.773,400;160.820.959
ibex-35;07/01/2019;8.781,200;8.776,300;0,44;8.783,500;8.710,400;128.758.646
ibex-35;04/01/2019;8.593,800;8.737,800;2,52;8.774,300;8.588,100;169.088.880
ibex-35;03/01/2019;8.497,500;8.523,300;-0,31;8.590,900;8.488,100;135.067.302
ibex-35;02/01/2019;8.448,300;8.550,000;0,12;8.582,400;8.354,800;130.757.801
ibex-35;31/12/2018;8.510,800;8.539,900;0,54;8.583,300;8.490,700;64.725.633
ibex-35;28/12/2018;8.386,200;8.493,700;1,55;8.513,400;8.378,700;143.834.378
ibex-35;27/12/2018;8.555,600;8.363,900;-1,38;8.557,700;8.286,200;211.955.971
ibex-35;24/12/2018;8.490,200;8.480,600;-0,89;8.528,400;8.471,200;53.509.864
ibex-35;21/12/2018;8.563,200;8.556,800;-0,46;8.598,400;8.468,400;389.118.736
ibex-35;20/12/2018;8.647,800;8.596,500;-1,97;8.698,500;8.567,000;231.916.628
ibex-35;19/12/2018;8.720,100;8.769,100;0,78;8.804,200;8.717,800;188.358.944
ibex-35;18/12/2018;8.781,100;8.700,800;-1,27;8.802,100;8.700,800;225.824.809
ibex-35;17/12/2018;8.862,900;8.812,500;-0,83;8.906,200;8.807,900;173.085.501
ibex-35;14/12/2018;8.865,900;8.886,100;-0,45;8.908,000;8.787,600;151.976.457
ibex-35;13/12/2018;8.915,800;8.926,300;0,82;8.974,900;8.868,600;216.181.120
ibex-35;12/12/2018;8.724,900;8.853,400;1,35;8.887,700;8.718,100;219.177.098
ibex-35;11/12/2018;8.709,400;8.735,500;0,87;8.826,400;8.671,900;210.506.500
ibex-35;10/12/2018;8.771,000;8.660,000;-1,76;8.804,600;8.644,000;174.110.966
ibex-35;07/12/2018;8.819,600;8.815,500;0,58;8.914,600;8.805,200;164.630.903
ibex-35;06/12/2018;8.926,000;8.764,500;-2,75;8.927,400;8.743,700;214.510.973
ibex-35;05/12/2018;8.983,700;9.012,200;-0,55;9.048,500;8.945,500;136.505.878
ibex-35;04/12/2018;9.148,500;9.061,700;-1,28;9.170,800;9.057,700;164.514.957
ibex-35;03/12/2018;9.239,800;9.179,600;1,13;9.262,100;9.159,100;167.657.412
ibex-35;30/11/2018;9.112,400;9.077,200;-0,24;9.117,800;9.046,200;207.833.401
ibex-35;29/11/2018;9.168,900;9.098,900;-0,04;9.199,600;9.080,700;145.113.089
ibex-35;28/11/2018;9.120,400;9.102,700;0,19;9.163,100;9.096,800;148.526.899
ibex-35;27/11/2018;9.091,700;9.085,600;-0,06;9.156,400;9.033,000;173.492.785
ibex-35;26/11/2018;8.984,000;9.091,200;1,96;9.104,600;8.984,000;173.686.057
ibex-35;23/11/2018;8.903,200;8.916,700;0,12;8.951,100;8.867,700;94.332.863
ibex-35;22/11/2018;8.917,400;8.906,200;-0,61;8.947,600;8.878,700;118.001.284
ibex-35;21/11/2018;8.905,700;8.960,600;1,06;8.979,200;8.896,300;145.074.541
ibex-35;20/11/2018;8.970,700;8.866,500;-1,55;8.977,000;8.829,600;176.400.508
ibex-35;19/11/2018;9.073,800;9.006,300;-0,56;9.138,300;9.006,300;123.709.036
ibex-35;16/11/2018;9.111,600;9.056,800;-0,18;9.131,500;9.015,900;202.082.052
ibex-35;15/11/2018;9.133,700;9.073,500;-0,36;9.189,800;9.018,600;184.704.764
ibex-35;14/11/2018;9.097,800;9.106,600;-0,42;9.176,400;9.036,700;139.660.598
ibex-35;13/11/2018;9.097,200;9.145,400;0,76;9.163,300;9.074,500;153.897.438
ibex-35;12/11/2018;9.174,800;9.076,300;-0,64;9.180,600;9.068,300;141.479.995
ibex-35;09/11/2018;9.117,700;9.134,800;-0,46;9.156,800;9.079,700;203.273.965
ibex-35;08/11/2018;9.182,700;9.177,000;0,10;9.232,300;9.147,800;147.220.963
ibex-35;07/11/2018;9.165,200;9.167,900;1,99;9.174,200;9.117,700;249.729.131
ibex-35;06/11/2018;9.002,300;8.988,900;-0,24;9.013,100;8.911,300;146.180.772
ibex-35;05/11/2018;9.005,400;9.010,700;0,20;9.065,300;9.002,200;142.754.172
ibex-35;02/11/2018;9.058,700;8.993,000;0,43;9.073,500;8.976,500;173.424.094
ibex-35;01/11/2018;8.882,500;8.954,800;0,69;8.985,300;8.875,800;169.058.746
ibex-35;31/10/2018;8.911,500;8.893,500;0,99;8.962,600;8.883,800;299.960.804
ibex-35;30/10/2018;8.849,500;8.806,100;-0,17;8.874,000;8.776,200;194.834.001
ibex-35;29/10/2018;8.775,700;8.821,200;1,04;8.882,700;8.752,900;184.715.093
ibex-35;26/10/2018;8.746,100;8.730,400;-0,62;8.746,100;8.627,600;234.582.283
ibex-35;25/10/2018;8.639,500;8.785,200;1,24;8.797,900;8.637,500;253.389.090
ibex-35;24/10/2018;8.767,000;8.677,400;-0,56;8.805,500;8.677,400;201.042.576
ibex-35;23/10/2018;8.715,400;8.726,100;-0,91;8.781,900;8.681,700;249.657.205
ibex-35;22/10/2018;8.997,700;8.806,500;-0,96;9.013,100;8.796,300;197.331.295
ibex-35;19/10/2018;8.874,700;8.892,100;0,03;8.960,200;8.768,600;349.736.006
ibex-35;18/10/2018;8.970,700;8.889,600;-1,20;9.063,800;8.887,900;313.573.246
ibex-35;17/10/2018;9.113,400;8.997,200;-0,85;9.140,300;8.967,100;185.707.595
ibex-35;16/10/2018;8.967,800;9.074,700;1,69;9.096,800;8.934,000;200.179.118
ibex-35;15/10/2018;8.883,100;8.923,700;0,24;8.936,500;8.849,400;169.650.813
ibex-35;12/10/2018;9.094,700;8.902,000;-1,18;9.098,100;8.897,500;168.952.333
ibex-35;11/10/2018;9.018,400;9.007,900;-1,69;9.121,000;8.970,800;238.991.603
ibex-35;10/10/2018;9.243,200;9.162,900;-1,05;9.273,000;9.158,800;177.151.943
ibex-35;09/10/2018;9.231,700;9.260,500;0,67;9.283,300;9.136,200;171.340.161
ibex-35;08/10/2018;9.227,100;9.199,200;-0,59;9.243,000;9.167,400;140.669.503
ibex-35;05/10/2018;9.318,100;9.253,900;-0,65;9.318,100;9.239,900;133.292.626
ibex-35;04/10/2018;9.349,000;9.314,500;-0,50;9.378,700;9.304,700;170.694.516
ibex-35;03/10/2018;9.360,600;9.361,100;0,60;9.424,700;9.300,800;156.817.537
ibex-35;02/10/2018;9.349,100;9.305,500;-1,08;9.356,100;9.285,100;187.248.091
ibex-35;01/10/2018;9.384,300;9.407,000;0,19;9.475,200;9.367,600;155.283.945
ibex-35;28/09/2018;9.468,000;9.389,200;-1,45;9.468,900;9.299,600;243.629.604
ibex-35;27/09/2018;9.492,500;9.527,500;0,03;9.542,800;9.406,800;151.514.457
ibex-35;26/09/2018;9.519,600;9.524,800;0,33;9.530,300;9.471,100;136.920.541
ibex-35;25/09/2018;9.524,800;9.493,600;-0,20;9.568,000;9.480,400;141.858.871
ibex-35;24/09/2018;9.549,900;9.512,800;-0,81;9.586,000;9.499,900;142.107.198
ibex-35;21/09/2018;9.614,300;9.590,400;0,07;9.665,400;9.563,300;408.472.780
ibex-35;20/09/2018;9.489,500;9.583,700;1,03;9.607,000;9.488,300;232.060.302
ibex-35;19/09/2018;9.464,400;9.486,300;0,41;9.502,900;9.422,400;205.653.757
ibex-35;18/09/2018;9.406,700;9.447,500;0,46;9.453,600;9.385,800;141.909.731
ibex-35;17/09/2018;9.350,300;9.404,600;0,42;9.434,400;9.349,900;147.148.440
ibex-35;14/09/2018;9.359,400;9.365,300;0,39;9.378,300;9.324,200;132.227.463
ibex-35;13/09/2018;9.308,000;9.329,200;0,24;9.387,100;9.296,700;159.385.000
ibex-35;12/09/2018;9.286,500;9.306,800;0,24;9.319,700;9.248,700;130.324.000
ibex-35;11/09/2018;9.301,100;9.284,100;0,14;9.302,500;9.211,800;122.171.000
ibex-35;10/09/2018;9.173,000;9.270,800;1,09;9.300,900;9.161,000;144.735.000
ibex-35;07/09/2018;9.209,200;9.171,200;-0,41;9.237,900;9.111,100;162.078.000
ibex-35;06/09/2018;9.267,700;9.208,700;-1,00;9.291,800;9.208,200;160.949.000
ibex-35;05/09/2018;9.353,200;9.301,300;-0,80;9.377,600;9.301,300;180.705.000
ibex-35;04/09/2018;9.414,700;9.376,300;0,00;9.436,100;9.308,700;159.837.000
ibex-35;03/09/2018;9.387,700;9.376,100;-0,24;9.421,600;9.356,100;89.353.000
ibex-35;31/08/2018;9.466,300;9.399,100;-0,72;9.470,600;9.375,100;172.662.000
ibex-35;30/08/2018;9.546,100;9.467,600;-1,06;9.574,100;9.445,100;144.314.000
ibex-35;29/08/2018;9.585,700;9.569,500;-0,39;9.597,100;9.502,300;104.423.000
ibex-35;28/08/2018;9.667,600;9.606,500;-0,55;9.671,100;9.598,400;114.910.000
ibex-35;27/08/2018;9.631,600;9.659,800;0,73;9.662,700;9.596,200;79.599.000
ibex-35;24/08/2018;9.559,700;9.589,500;0,23;9.625,800;9.559,700;99.414.000
ibex-35;23/08/2018;9.592,500;9.567,300;-0,13;9.630,200;9.556,200;93.554.000
ibex-35;22/08/2018;9.535,500;9.580,200;0,33;9.595,400;9.512,400;114.116.000
ibex-35;21/08/2018;9.465,900;9.549,000;0,85;9.591,000;9.459,400;110.664.000
ibex-35;20/08/2018;9.448,900;9.468,600;0,54;9.512,500;9.437,100;95.321.000
ibex-35;17/08/2018;9.450,300;9.417,300;-0,11;9.457,000;9.357,600;141.114.000
ibex-35;16/08/2018;9.440,800;9.427,400;0,43;9.458,900;9.384,700;138.149.000
ibex-35;15/08/2018;9.537,000;9.386,800;-1,26;9.547,600;9.339,500;163.614.000
ibex-35;14/08/2018;9.574,800;9.507,000;-0,25;9.596,300;9.476,900;164.122.000
ibex-35;13/08/2018;9.543,800;9.530,400;-0,75;9.558,400;9.475,100;177.470.000
ibex-35;10/08/2018;9.669,600;9.602,100;-1,56;9.675,600;9.557,400;224.945.000
ibex-35;09/08/2018;9.745,200;9.754,600;0,08;9.756,700;9.693,200;108.327.000
ibex-35;08/08/2018;9.763,900;9.747,100;-0,26;9.794,000;9.700,400;107.985.000
ibex-35;07/08/2018;9.751,800;9.772,800;0,52;9.813,600;9.743,400;101.972.000
ibex-35;06/08/2018;9.758,400;9.722,700;-0,18;9.788,400;9.699,300;114.093.000
ibex-35;03/08/2018;9.710,300;9.739,800;0,43;9.762,700;9.671,200;146.427.000
ibex-35;02/08/2018;9.765,900;9.698,200;-1,03;9.783,800;9.666,600;196.964.000
ibex-35;01/08/2018;9.871,100;9.799,300;-0,72;9.902,300;9.795,100;136.278.000
ibex-35;31/07/2018;9.846,200;9.870,700;0,17;9.924,400;9.843,500;203.079.000
ibex-35;30/07/2018;9.827,900;9.854,100;-0,14;9.905,300;9.825,100;140.605.000
ibex-35;27/07/2018;9.781,600;9.867,900;0,90;9.896,000;9.775,900;230.693.000
ibex-35;26/07/2018;9.741,200;9.780,000;0,79;9.789,700;9.732,500;184.755.000
ibex-35;25/07/2018;9.769,800;9.703,100;-0,72;9.771,700;9.686,200;149.288.000
ibex-35;24/07/2018;9.775,900;9.773,100;0,48;9.820,100;9.753,900;160.661.000
ibex-35;23/07/2018;9.699,700;9.726,100;0,01;9.747,600;9.661,400;116.977.000
ibex-35;20/07/2018;9.710,400;9.724,800;0,04;9.751,300;9.654,300;162.179.000
ibex-35;19/07/2018;9.748,900;9.721,100;-0,33;9.796,700;9.696,200;147.188.000
ibex-35;18/07/2018;9.739,100;9.753,200;0,35;9.753,200;9.672,700;143.477.000
ibex-35;17/07/2018;9.716,400;9.719,400;0,03;9.759,500;9.643,900;175.052.000
ibex-35;16/07/2018;9.733,600;9.716,900;-0,18;9.781,100;9.697,100;113.168.000
ibex-35;13/07/2018;9.807,500;9.734,800;-0,33;9.807,500;9.717,600;132.524.000
ibex-35;12/07/2018;9.774,800;9.767,400;0,35;9.784,800;9.694,400;128.896.000
ibex-35;11/07/2018;9.822,500;9.733,600;-1,57;9.833,400;9.733,600;175.886.000
ibex-35;10/07/2018;9.935,600;9.889,300;-0,38;9.938,000;9.873,300;147.677.000
ibex-35;09/07/2018;9.923,500;9.927,000;0,22;9.971,600;9.912,700;130.079.000
ibex-35;06/07/2018;9.905,000;9.905,000;0,39;9.926,900;9.833,200;166.583.000
ibex-35;05/07/2018;9.773,500;9.866,200;1,11;9.919,500;9.773,500;184.522.000
ibex-35;04/07/2018;9.643,800;9.757,500;1,00;9.767,200;9.642,800;137.321.000
ibex-35;03/07/2018;9.591,600;9.660,900;1,07;9.693,400;9.556,100;134.418.000
ibex-35;02/07/2018;9.526,300;9.558,300;-0,67;9.591,000;9.443,500;153.110.000
ibex-35;29/06/2018;9.671,100;9.622,700;0,35;9.741,300;9.620,300;200.359.000
ibex-35;28/06/2018;9.603,600;9.589,000;-0,72;9.669,200;9.541,900;144.694.000
ibex-35;27/06/2018;9.636,600;9.658,600;0,22;9.723,900;9.506,600;182.574.000
ibex-35;26/06/2018;9.670,300;9.637,400;0,20;9.699,800;9.619,100;158.746.000
ibex-35;25/06/2018;9.711,400;9.617,900;-1,78;9.737,900;9.617,900;151.252.000
ibex-35;22/06/2018;9.738,900;9.792,100;0,93;9.799,500;9.724,900;155.310.000
ibex-35;21/06/2018;9.824,400;9.702,100;-0,89;9.844,000;9.683,400;161.702.000
ibex-35;20/06/2018;9.835,000;9.788,900;0,34;9.876,800;9.788,900;164.700.000
ibex-35;19/06/2018;9.656,600;9.755,400;-0,14;9.782,600;9.598,500;172.889.000
ibex-35;18/06/2018;9.818,000;9.769,400;-0,83;9.859,500;9.717,000;145.638.000
ibex-35;15/06/2018;9.980,100;9.851,000;-1,07;9.985,900;9.798,900;377.069.000
ibex-35;14/06/2018;9.862,400;9.957,700;0,59;9.973,900;9.836,500;180.248.000
ibex-35;13/06/2018;9.900,200;9.899,100;-0,15;9.923,900;9.838,300;172.849.000
ibex-35;12/06/2018;9.940,600;9.914,400;0,16;9.961,600;9.901,600;158.176.000
ibex-35;11/06/2018;9.835,000;9.898,300;1,56;9.915,200;9.799,100;199.952.000
ibex-35;08/06/2018;9.762,700;9.746,300;-0,84;9.772,200;9.713,200;176.047.000
ibex-35;07/06/2018;9.844,200;9.829,000;0,38;9.940,600;9.814,800;190.777.000
ibex-35;06/06/2018;9.702,700;9.791,600;1,09;9.793,800;9.654,400;202.426.000
ibex-35;05/06/2018;9.730,600;9.686,400;-0,66;9.812,900;9.686,400;183.418.000
ibex-35;04/06/2018;9.716,300;9.750,300;1,22;9.830,700;9.686,800;193.668.000
ibex-35;01/06/2018;9.544,700;9.632,400;1,76;9.677,500;9.529,000;238.950.000
ibex-35;31/05/2018;9.625,100;9.465,500;-1,05;9.649,000;9.400,300;355.887.000
ibex-35;30/05/2018;9.553,000;9.566,200;0,47;9.618,300;9.477,200;283.877.000
ibex-35;29/05/2018;9.668,400;9.521,300;-2,49;9.668,400;9.447,600;364.026.000
ibex-35;28/05/2018;9.891,400;9.764,400;-0,63;9.921,400;9.732,600;155.743.000
ibex-35;25/05/2018;10.031,000;9.826,500;-1,70;10.053,100;9.722,800;298.273.000
ibex-35;24/05/2018;10.045,500;9.996,000;-0,29;10.092,500;9.964,000;155.881.000
ibex-35;23/05/2018;10.101,800;10.025,000;-1,12;10.101,800;9.957,800;157.918.000
ibex-35;22/05/2018;10.081,500;10.138,800;0,72;10.156,400;10.060,800;145.394.000
ibex-35;21/05/2018;10.155,200;10.066,500;-0,45;10.155,900;10.055,800;110.379.000
ibex-35;18/05/2018;10.209,300;10.112,400;-1,02;10.221,000;10.088,400;249.545.000
ibex-35;17/05/2018;10.120,800;10.216,400;1,04;10.216,400;10.108,500;153.622.000
ibex-35;16/05/2018;10.189,800;10.111,000;-0,95;10.194,200;10.089,800;212.003.000
ibex-35;15/05/2018;10.237,900;10.207,600;-0,49;10.265,000;10.159,100;152.740.000
ibex-35;14/05/2018;10.277,200;10.257,800;-0,13;10.291,400;10.215,300;108.962.000
ibex-35;11/05/2018;10.245,200;10.271,400;0,24;10.284,500;10.242,100;120.333.000
ibex-35;10/05/2018;10.243,300;10.246,600;0,25;10.257,100;10.191,100;116.750.000
ibex-35;09/05/2018;10.163,700;10.221,200;0,52;10.222,700;10.138,900;133.256.000
ibex-35;08/05/2018;10.135,100;10.168,100;0,27;10.180,500;10.091,900;177.955.000
ibex-35;07/05/2018;10.114,200;10.140,900;0,36;10.148,600;10.106,300;89.759.000
ibex-35;04/05/2018;10.047,100;10.104,100;0,65;10.104,100;10.029,400;162.049.000
ibex-35;03/05/2018;10.080,700;10.038,800;-0,50;10.095,200;10.017,600;140.956.000
ibex-35;02/05/2018;9.982,600;10.088,900;1,09;10.098,900;9.981,400;157.392.000
ibex-35;30/04/2018;9.924,000;9.980,600;0,56;9.995,400;9.916,100;142.924.000
ibex-35;27/04/2018;9.894,200;9.925,400;0,23;9.947,300;9.883,800;139.092.000
ibex-35;26/04/2018;9.871,500;9.902,300;0,45;9.914,700;9.856,700;131.267.000
ibex-35;25/04/2018;9.829,200;9.858,000;-0,26;9.858,400;9.793,000;161.124.000
ibex-35;24/04/2018;9.922,700;9.883,400;-0,39;9.939,400;9.848,400;188.820.000
ibex-35;23/04/2018;9.898,600;9.922,000;0,38;9.922,000;9.862,600;118.071.000
ibex-35;20/04/2018;9.864,400;9.884,200;0,16;9.908,000;9.847,100;139.382.000
ibex-35;19/04/2018;9.861,800;9.868,000;0,11;9.902,700;9.838,800;120.796.000
ibex-35;18/04/2018;9.814,500;9.857,300;0,54;9.871,300;9.800,300;146.903.000
ibex-35;17/04/2018;9.785,400;9.803,900;0,39;9.824,400;9.762,300;112.396.000
ibex-35;16/04/2018;9.768,700;9.766,100;-0,01;9.796,500;9.747,300;100.400.000
ibex-35;13/04/2018;9.764,000;9.767,300;0,21;9.858,900;9.744,400;137.074.000
ibex-35;12/04/2018;9.733,000;9.747,000;0,12;9.767,600;9.706,100;127.527.000
ibex-35;11/04/2018;9.742,600;9.735,800;-0,28;9.786,300;9.717,300;122.928.000
eur-usd;09/04/2019;1,1256;1,1266;0,09;1,1285;1,1256;1.129.535
eur-usd;08/04/2019;1,1218;1,1256;0,34;1,1275;1,1215;1.128.647
eur-usd;07/04/2019;1,1218;1,1218;0,03;1,1224;1,1212;1.124.655
eur-usd;05/04/2019;1,1222;1,1215;-0,07;1,1248;1,1210;1.124.334
eur-usd;04/04/2019;1,1245;1,1222;-0,20;1,1249;1,1206;11.250.745
eur-usd;03/04/2019;1,1203;1,1245;0,37;1,1255;1,1202;1.127.317
eur-usd;02/04/2019;1,1205;1,1203;-0,02;1,1217;1,1184;1.123.263
eur-usd;01/04/2019;1,1223;1,1205;-0,11;1,1251;1,1199;1.123.529
eur-usd;31/03/2019;1,1224;1,1223;0,05;1,1242;1,1220;1.125.167
eur-usd;29/03/2019;1,1230;1,1218;-0,11;1,1248;1,1210;1.124.632
eur-usd;28/03/2019;1,1251;1,1230;-0,20;1,1263;1,1214;112.585
eur-usd;27/03/2019;1,1274;1,1252;-0,19;1,1287;1,1242;112.817
eur-usd;26/03/2019;1,1315;1,1274;-0,36;1,1327;1,1263;1.130.564
eur-usd;25/03/2019;1,1296;1,1315;0,17;1,1332;1,1289;1.134.658
eur-usd;24/03/2019;1,1287;1,1296;-0,06;1,1303;1,1285;1.132.769
eur-usd;22/03/2019;1,1374;1,1303;-0,63;1,1391;1,1273;1.133.274
eur-usd;21/03/2019;1,1429;1,1374;-0,48;1,1439;1,1343;1.140.429
eur-usd;20/03/2019;1,1353;1,1429;0,66;1,1449;1,1336;1.145.926
eur-usd;19/03/2019;1,1335;1,1354;0,16;1,1363;1,1334;1.138.533
eur-usd;18/03/2019;1,1320;1,1336;0,15;1,1360;1,1319;1.136.791
eur-usd;17/03/2019;1,1323;1,1319;-0,07;1,1329;1,1318;1.135.202
eur-usd;15/03/2019;1,1307;1,1327;0,18;1,1345;1,1300;1.136.056
eur-usd;14/03/2019;1,1331;1,1307;-0,21;1,1337;1,1294;1.133.966
eur-usd;13/03/2019;1,1286;1,1331;0,39;1,1340;1,1277;1.136.006
eur-usd;12/03/2019;1,1259;1,1287;0,25;1,1306;1,1249;1.131.677
eur-usd;11/03/2019;1,1231;1,1259;0,25;1,1275;1,1222;1.128.982
eur-usd;10/03/2019;1,1238;1,1232;-0,03;1,1245;1,1231;1.126.302
eur-usd;08/03/2019;1,1198;1,1235;0,33;1,1247;1,1185;1.126.447
eur-usd;07/03/2019;1,1313;1,1198;-1,01;1,1321;1,1176;1.122.744
eur-usd;06/03/2019;1,1306;1,1313;0,06;1,1326;1,1286;1.134.251
eur-usd;05/03/2019;1,1337;1,1306;-0,27;1,1340;1,1290;1.133.546
eur-usd;04/03/2019;1,1375;1,1337;-0,35;1,1376;1,1309;1.136.686
eur-usd;03/03/2019;1,1373;1,1376;0,11;1,1391;1,1372;1.140.743
eur-usd;01/03/2019;1,1372;1,1364;-0,09;1,1410;1,1352;1.139.316
eur-usd;28/02/2019;1,1378;1,1374;-0,05;1,1421;1,1359;1.140.365
eur-usd;27/02/2019;1,1394;1,1380;-0,12;1,1404;1,1362;1.140.927
eur-usd;26/02/2019;1,1363;1,1393;0,25;1,1403;1,1345;1.142.311
eur-usd;25/02/2019;1,1341;1,1365;0,20;1,1368;1,1337;1.139.177
eur-usd;24/02/2019;1,1331;1,1342;0,07;1,1348;1,1326;1.136.825
eur-usd;22/02/2019;1,1340;1,1335;-0,05;1,1357;1,1316;1.136.059
eur-usd;21/02/2019;1,1345;1,1340;-0,06;1,1367;1,1320;1.136.573
eur-usd;20/02/2019;1,1340;1,1346;0,06;1,1372;1,1325;1.137.227
eur-usd;19/02/2019;1,1311;1,1340;0,25;1,1358;1,1275;113.659
eur-usd;18/02/2019;1,1295;1,1312;0,15;1,1335;1,1294;1.133.769
eur-usd;17/02/2019;1,1286;1,1295;0,00;1,1301;1,1282;1.132.109
eur-usd;15/02/2019;1,1294;1,1296;0,01;1,1307;1,1234;1.132.158
eur-usd;14/02/2019;1,1264;1,1295;0,27;1,1311;1,1250;113.207
eur-usd;13/02/2019;1,1333;1,1265;-0,61;1,1343;1,1249;112.907
eur-usd;12/02/2019;1,1278;1,1334;0,49;1,1341;1,1258;1.136.021
eur-usd;11/02/2019;1,1324;1,1279;-0,40;1,1331;1,1267;1.130.488
eur-usd;10/02/2019;1,1329;1,1324;0,01;1,1330;1,1314;1.135.034
eur-usd;08/02/2019;1,1339;1,1323;-0,14;1,1352;1,1319;1.134.891
eur-usd;07/02/2019;1,1366;1,1338;-0,24;1,1369;1,1325;1.136.465
eur-usd;06/02/2019;1,1409;1,1366;-0,38;1,1410;1,1361;1.139.222
eur-usd;05/02/2019;1,1436;1,1409;-0,23;1,1441;1,1401;1.143.576
eur-usd;04/02/2019;1,1456;1,1435;-0,17;1,1461;1,1424;1.146.192
eur-usd;03/02/2019;1,1463;1,1455;0,01;1,1463;1,1447;1.148.161
eur-usd;01/02/2019;1,1448;1,1454;0,05;1,1489;1,1434;1.148.105
eur-usd;31/01/2019;1,1485;1,1448;-0,32;1,1515;1,1436;1.147.537
eur-usd;30/01/2019;1,1435;1,1485;0,44;1,1503;1,1406;1.151.252
eur-usd;29/01/2019;1,1430;1,1435;0,05;1,1451;1,1411;1.146.194
eur-usd;28/01/2019;1,1413;1,1430;0,15;1,1445;1,1390;1.145.642
eur-usd;27/01/2019;1,1409;1,1413;0,06;1,1414;1,1401;1.144.065
eur-usd;25/01/2019;1,1312;1,1407;0,83;1,1419;1,1305;1.143.526
eur-usd;24/01/2019;1,1386;1,1313;-0,64;1,1392;1,1289;113.413
eur-usd;23/01/2019;1,1363;1,1386;0,20;1,1395;1,1351;1.141.593
eur-usd;22/01/2019;1,1369;1,1363;-0,05;1,1374;1,1336;1.139.311
eur-usd;21/01/2019;1,1365;1,1369;0,03;1,1392;1,1357;1.139.951
eur-usd;20/01/2019;1,1363;1,1365;0,02;1,1370;1,1361;1.139.685
eur-usd;18/01/2019;1,1392;1,1363;-0,26;1,1411;1,1353;1.139.205
eur-usd;17/01/2019;1,1398;1,1392;-0,07;1,1408;1,1370;1.142.183
eur-usd;16/01/2019;1,1414;1,1400;-0,13;1,1426;1,1378;1.142.934
eur-usd;15/01/2019;1,1472;1,1414;-0,51;1,1491;1,1382;1.144.520
eur-usd;14/01/2019;1,1460;1,1473;0,11;1,1483;1,1451;115.044
eur-usd;13/01/2019;1,1462;1,1460;-0,04;1,1469;1,1441;1.149.249
eur-usd;11/01/2019;1,1512;1,1465;-0,38;1,1539;1,1458;1.149.458
eur-usd;10/01/2019;1,1554;1,1508;-0,40;1,1571;1,1485;1.153.774
eur-usd;09/01/2019;1,1457;1,1554;0,84;1,1558;1,1439;1.158.376
eur-usd;08/01/2019;1,1479;1,1458;-0,19;1,1486;1,1422;114.868
eur-usd;07/01/2019;1,1410;1,1479;0,60;1,1483;1,1405;1.150.977
eur-usd;06/01/2019;1,1398;1,1410;0,13;1,1414;1,1395;1.144.148
eur-usd;04/01/2019;1,1391;1,1395;0,04;1,1419;1,1346;114.248
eur-usd;03/01/2019;1,1312;1,1390;0,69;1,1411;1,1310;1.141.966
eur-usd;02/01/2019;1,1461;1,1313;-1,30;1,1498;1,1309;1.134.177
eur-usd;01/01/2019;1,1467;1,1461;-0,05;1,1547;1,1448;1.149.119
eur-usd;31/12/2018;1,1439;1,1468;0,25;1,1469;1,1421;1.149.805
eur-usd;30/12/2018;1,1448;1,1439;-0,03;1,1453;1,1435;1.146.927
eur-usd;28/12/2018;1,1430;1,1443;0,10;1,1474;1,1430;114.732
eur-usd;27/12/2018;1,1360;1,1431;0,62;1,1455;1,1358;1.146.213
eur-usd;26/12/2018;1,1413;1,1360;-0,47;1,1418;1,1343;1.139.301
eur-usd;25/12/2018;1,1402;1,1414;0,10;1,1422;1,1366;1.144.612
eur-usd;24/12/2018;1,1372;1,1402;0,26;1,1439;1,1371;1.143.488
eur-usd;23/12/2018;1,1371;1,1372;0,03;1,1390;1,1357;1.140.484
eur-usd;21/12/2018;1,1457;1,1369;-0,76;1,1475;1,1356;1.140.284
eur-usd;20/12/2018;1,1386;1,1457;0,61;1,1486;1,1377;1.149.062
eur-usd;19/12/2018;1,1375;1,1387;0,10;1,1440;1,1364;1.142.207
eur-usd;18/12/2018;1,1350;1,1376;0,23;1,1403;1,1337;1.141.133
eur-usd;17/12/2018;1,1306;1,1350;0,40;1,1359;1,1303;1.138.573
eur-usd;16/12/2018;1,1304;1,1305;-0,04;1,1309;1,1300;113.420
eur-usd;14/12/2018;1,1363;1,1310;-0,47;1,1366;1,1270;113.439
eur-usd;13/12/2018;1,1373;1,1363;-0,09;1,1394;1,1331;1.139.710
eur-usd;12/12/2018;1,1323;1,1373;0,45;1,1388;1,1315;1.140.859
eur-usd;11/12/2018;1,1356;1,1322;-0,30;1,1401;1,1306;1.135.793
eur-usd;10/12/2018;1,1402;1,1356;-0,38;1,1443;1,1350;1.139.456
eur-usd;09/12/2018;1,1398;1,1400;0,08;1,1408;1,1382;1.143.775
eur-usd;07/12/2018;1,1376;1,1390;0,12;1,1424;1,1360;1.142.646
eur-usd;06/12/2018;1,1348;1,1376;0,24;1,1413;1,1321;1.141.243
eur-usd;05/12/2018;1,1343;1,1349;0,06;1,1362;1,1311;1.138.531
eur-usd;04/12/2018;1,1354;1,1343;-0,10;1,1421;1,1319;1.137.971
eur-usd;03/12/2018;1,1341;1,1354;0,11;1,1381;1,1319;1.139.319
eur-usd;02/12/2018;1,1348;1,1342;0,20;1,1369;1,1320;1.138.063
eur-usd;30/11/2018;1,1392;1,1320;-0,64;1,1401;1,1306;1.135.674
eur-usd;29/11/2018;1,1367;1,1393;0,22;1,1402;1,1349;114.267
eur-usd;28/11/2018;1,1297;1,1368;0,62;1,1388;1,1267;1.140.355
eur-usd;27/11/2018;1,1333;1,1297;-0,32;1,1345;1,1277;1.132.481
eur-usd;26/11/2018;1,1339;1,1333;-0,04;1,1384;1,1324;1.136.147
eur-usd;25/11/2018;1,1342;1,1338;0,00;1,1350;1,1331;1.136.400
eur-usd;23/11/2018;1,1402;1,1338;-0,57;1,1422;1,1328;1.136.371
eur-usd;22/11/2018;1,1389;1,1403;0,12;1,1435;1,1385;1.142.922
eur-usd;21/11/2018;1,1372;1,1389;0,15;1,1426;1,1365;114.160
eur-usd;20/11/2018;1,1455;1,1372;-0,71;1,1473;1,1358;1.139.937
eur-usd;19/11/2018;1,1413;1,1454;0,35;1,1466;1,1394;1.148.113
eur-usd;18/11/2018;1,1409;1,1414;-0,05;1,1422;1,1399;1.143.997
eur-usd;16/11/2018;1,1325;1,1420;0,84;1,1421;1,1322;1.144.568
eur-usd;15/11/2018;1,1313;1,1325;0,11;1,1363;1,1271;1.135.054
eur-usd;14/11/2018;1,1311;1,1312;0,01;1,1348;1,1263;1.133.822
eur-usd;13/11/2018;1,1223;1,1311;0,78;1,1322;1,1221;113.380
eur-usd;12/11/2018;1,1325;1,1224;-0,89;1,1332;1,1216;1.125.126
eur-usd;11/11/2018;1,1334;1,1324;-0,11;1,1334;1,1313;1.135.023
eur-usd;09/11/2018;1,1368;1,1336;-0,28;1,1370;1,1316;1.136.219
eur-usd;08/11/2018;1,1434;1,1368;-0,57;1,1447;1,1352;1.139.420
eur-usd;07/11/2018;1,1441;1,1433;-0,08;1,1500;1,1395;1.145.913
eur-usd;06/11/2018;1,1409;1,1442;0,29;1,1442;1,1391;1.146.853
eur-usd;05/11/2018;1,1397;1,1408;0,09;1,1424;1,1354;1.143.653
eur-usd;04/11/2018;1,1397;1,1398;0,08;1,1408;1,1387;1.142.382
eur-usd;02/11/2018;1,1403;1,1389;-0,13;1,1456;1,1372;1.141.458
eur-usd;01/11/2018;1,1314;1,1403;0,78;1,1425;1,1313;1.142.921
eur-usd;31/10/2018;1,1345;1,1315;-0,27;1,1362;1,1302;1.134.101
eur-usd;30/10/2018;1,1375;1,1346;-0,27;1,1389;1,1338;1.137.276
eur-usd;29/10/2018;1,1395;1,1376;-0,23;1,1418;1,1361;1.140.423
eur-usd;26/10/2018;1,1375;1,1402;0,23;1,1422;1,1336;1.142.953
eur-usd;25/10/2018;1,1400;1,1375;-0,21;1,1433;1,1356;1.140.280
eur-usd;24/10/2018;1,1471;1,1399;-0,63;1,1477;1,1379;1.142.611
eur-usd;23/10/2018;1,1465;1,1471;0,05;1,1494;1,1439;1.149.830
eur-usd;22/10/2018;1,1511;1,1465;-0,40;1,1551;1,1456;1.149.311
eur-usd;21/10/2018;1,1512;1,1511;-0,03;1,1520;1,1509;1.154.018
eur-usd;19/10/2018;1,1455;1,1514;0,53;1,1535;1,1433;1.154.195
eur-usd;18/10/2018;1,1501;1,1454;-0,41;1,1528;1,1449;1.148.161
eur-usd;17/10/2018;1,1576;1,1501;-0,65;1,1582;1,1495;1.152.978
eur-usd;16/10/2018;1,1583;1,1576;-0,06;1,1622;1,1565;1.160.394
eur-usd;15/10/2018;1,1551;1,1583;0,28;1,1607;1,1543;1.161.200
eur-usd;14/10/2018;1,1560;1,1551;-0,08;1,1564;1,1535;1.158.033
eur-usd;12/10/2018;1,1589;1,1560;-0,26;1,1611;1,1535;1.158.753
eur-usd;11/10/2018;1,1532;1,1590;0,49;1,1600;1,1531;1.161.798
eur-usd;10/10/2018;1,1503;1,1533;0,25;1,1546;1,1480;1.156.116
eur-usd;09/10/2018;1,1494;1,1505;0,09;1,1510;1,1431;1.153.360
eur-usd;08/10/2018;1,1523;1,1494;-0,26;1,1531;1,1460;1.152.374
eur-usd;07/10/2018;1,1519;1,1524;0,00;1,1535;1,1519;1.155.414
eur-usd;05/10/2018;1,1517;1,1524;0,06;1,1550;1,1484;1.155.165
eur-usd;04/10/2018;1,1477;1,1518;0,36;1,1543;1,1463;115.451
eur-usd;03/10/2018;1,1550;1,1476;-0,64;1,1594;1,1464;115.038
eur-usd;02/10/2018;1,1577;1,1551;-0,23;1,1581;1,1505;115.782
eur-usd;01/10/2018;1,1605;1,1577;-0,24;1,1625;1,1564;116.058
eur-usd;30/09/2018;1,1608;1,1605;0,02;1,1628;1,1603;1.163.521
eur-usd;28/09/2018;1,1637;1,1603;-0,28;1,1652;1,1570;1.163.105
eur-usd;27/09/2018;1,1746;1,1636;-0,94;1,1758;1,1632;1.166.424
eur-usd;26/09/2018;1,1763;1,1747;-0,14;1,1798;1,1726;1.177.540
eur-usd;25/09/2018;1,1753;1,1763;0,09;1,1793;1,1731;1.179.343
eur-usd;24/09/2018;1,1748;1,1753;0,03;1,1816;1,1724;117.819
eur-usd;23/09/2018;1,1752;1,1749;0,00;1,1754;1,1740;1.177.625
eur-usd;21/09/2018;1,1776;1,1749;-0,23;1,1804;1,1733;1.177.652
eur-usd;20/09/2018;1,1674;1,1776;0,87;1,1785;1,1672;118.031
eur-usd;19/09/2018;1,1678;1,1674;-0,03;1,1716;1,1650;1.170.162
eur-usd;18/09/2018;1,1669;1,1678;0,08;1,1725;1,1652;1.170.577
eur-usd;17/09/2018;1,1624;1,1669;0,39;1,1699;1,1618;1.169.746
eur-usd;16/09/2018;1,1623;1,1624;-0,02;1,1634;1,1619;1.165.041
eur-usd;14/09/2018;1,1691;1,1626;-0,56;1,1723;1,1621;1.165.232
eur-usd;13/09/2018;1,1626;1,1691;0,57;1,1702;1,1609;1.171.831
eur-usd;12/09/2018;1,1595;1,1626;0,26;1,1650;1,1570;116.522
eur-usd;11/09/2018;1,1594;1,1596;0,02;1,1644;1,1565;1.162.299
eur-usd;10/09/2018;1,1560;1,1594;0,28;1,1616;1,1526;1.162.143
eur-usd;09/09/2018;1,1552;1,1561;0,07;1,1562;1,1548;1.158.681
eur-usd;07/09/2018;1,1621;1,1553;-0,58;1,1650;1,1551;1.157.902
eur-usd;06/09/2018;1,1635;1,1620;-0,12;1,1660;1,1606;1.164.632
eur-usd;05/09/2018;1,1587;1,1635;0,41;1,1640;1,1543;1.166.093
eur-usd;04/09/2018;1,1613;1,1587;-0,23;1,1615;1,1530;1.161.514
eur-usd;03/09/2018;1,1598;1,1614;0,14;1,1629;1,1589;1.164.272
eur-usd;02/09/2018;1,1596;1,1598;-0,03;1,1609;1,1588;1.162.393
eur-usd;31/08/2018;1,1666;1,1602;-0,54;1,1691;1,1585;1.162.783
eur-usd;30/08/2018;1,1708;1,1666;-0,38;1,1719;1,1641;1.169.152
eur-usd;29/08/2018;1,1693;1,1710;0,14;1,1712;1,1652;1.173.529
eur-usd;28/08/2018;1,1684;1,1693;0,08;1,1734;1,1663;1.171.639
eur-usd;27/08/2018;1,1645;1,1684;0,33;1,1694;1,1595;1.170.818
eur-usd;26/08/2018;1,1632;1,1645;0,20;1,1655;1,1612;1.167.025
eur-usd;24/08/2018;1,1543;1,1623;0,70;1,1640;1,1538;116.479
eur-usd;23/08/2018;1,1586;1,1542;-0,38;1,1591;1,1530;1.156.699
eur-usd;22/08/2018;1,1575;1,1586;0,08;1,1624;1,1553;1.161.112
eur-usd;21/08/2018;1,1491;1,1576;0,73;1,1602;1,1486;1.160.141
eur-usd;20/08/2018;1,1438;1,1492;0,47;1,1494;1,1394;1.151.778
eur-usd;19/08/2018;1,1437;1,1438;-0,01;1,1443;1,1434;1.146.453
eur-usd;17/08/2018;1,1372;1,1439;0,59;1,1446;1,1366;1.146.387
eur-usd;16/08/2018;1,1343;1,1372;0,27;1,1410;1,1336;1.139.687
eur-usd;15/08/2018;1,1347;1,1342;-0,04;1,1356;1,1301;113.667
eur-usd;14/08/2018;1,1400;1,1347;-0,47;1,1430;1,1330;113.719
eur-usd;13/08/2018;1,1395;1,1401;0,05;1,1434;1,1365;1.142.691
eur-usd;12/08/2018;1,1389;1,1395;-0,16;1,1413;1,1368;1.142.181
eur-usd;10/08/2018;1,1524;1,1413;-0,96;1,1537;1,1388;114.382
eur-usd;09/08/2018;1,1610;1,1524;-0,73;1,1620;1,1516;1.154.945
eur-usd;08/08/2018;1,1603;1,1609;0,05;1,1629;1,1573;1.163.509
eur-usd;07/08/2018;1,1557;1,1603;0,39;1,1609;1,1551;1.162.891
eur-usd;06/08/2018;1,1561;1,1558;-0,03;1,1571;1,1530;1.158.468
eur-usd;05/08/2018;1,1567;1,1562;-0,04;1,1574;1,1560;1.158.881
eur-usd;03/08/2018;1,1585;1,1566;-0,17;1,1611;1,1560;1.159.131
eur-usd;02/08/2018;1,1664;1,1585;-0,67;1,1669;1,1582;116.110
eur-usd;01/08/2018;1,1689;1,1663;-0,22;1,1700;1,1657;1.168.931
eur-usd;31/07/2018;1,1708;1,1689;-0,15;1,1747;1,1684;1.171.613
eur-usd;30/07/2018;1,1660;1,1707;0,41;1,1720;1,1648;1.173.538
eur-usd;29/07/2018;1,1660;1,1659;-0,01;1,1664;1,1653;1.168.783
eur-usd;27/07/2018;1,1644;1,1660;0,14;1,1665;1,1620;1.168.598
eur-usd;26/07/2018;1,1738;1,1644;-0,80;1,1745;1,1638;1.166.982
eur-usd;25/07/2018;1,1686;1,1738;0,46;1,1740;1,1664;1.176.414
eur-usd;24/07/2018;1,1694;1,1685;-0,08;1,1718;1,1655;1.171.080
eur-usd;23/07/2018;1,1740;1,1694;-0,40;1,1752;1,1684;1.172.062
eur-usd;22/07/2018;1,1725;1,1741;0,17;1,1747;1,1722;1.176.816
eur-usd;20/07/2018;1,1655;1,1720;0,56;1,1739;1,1626;1.174.597
eur-usd;19/07/2018;1,1645;1,1655;0,08;1,1679;1,1575;1.168.037
eur-usd;18/07/2018;1,1655;1,1645;-0,07;1,1666;1,1602;1.167.113
eur-usd;17/07/2018;1,1709;1,1653;-0,48;1,1745;1,1649;1.167.936
eur-usd;16/07/2018;1,1678;1,1709;0,26;1,1726;1,1676;1.173.614
eur-usd;15/07/2018;1,1685;1,1679;-0,07;1,1694;1,1677;1.170.603
eur-usd;13/07/2018;1,1664;1,1686;0,19;1,1688;1,1613;1.171.222
eur-usd;12/07/2018;1,1675;1,1664;-0,09;1,1697;1,1650;1.168.977
eur-usd;11/07/2018;1,1729;1,1675;-0,45;1,1760;1,1665;1.170.091
eur-usd;10/07/2018;1,1756;1,1728;-0,24;1,1763;1,1690;1.175.420
eur-usd;09/07/2018;1,1751;1,1756;0,04;1,1791;1,1733;117.836
eur-usd;08/07/2018;1,1746;1,1752;0,04;1,1756;1,1738;1.177.993
eur-usd;06/07/2018;1,1694;1,1747;0,47;1,1768;1,1680;1.177.321
eur-usd;05/07/2018;1,1660;1,1692;0,27;1,1721;1,1650;1.171.799
eur-usd;04/07/2018;1,1659;1,1661;0,01;1,1683;1,1630;1.168.631
eur-usd;03/07/2018;1,1640;1,1659;0,15;1,1674;1,1621;1.168.479
eur-usd;02/07/2018;1,1678;1,1642;-0,31;1,1680;1,1591;1.166.838
eur-usd;01/07/2018;1,1652;1,1678;-0,06;1,1693;1,1632;1.170.521
eur-usd;29/06/2018;1,1565;1,1685;1,05;1,1691;1,1564;1.171.117
eur-usd;28/06/2018;1,1562;1,1564;0,00;1,1601;1,1527;1.158.982
eur-usd;27/06/2018;1,1649;1,1563;-0,74;1,1673;1,1541;115.897
eur-usd;26/06/2018;1,1701;1,1650;-0,45;1,1721;1,1635;1.167.738
eur-usd;25/06/2018;1,1660;1,1702;0,36;1,1714;1,1629;1.172.982
eur-usd;24/06/2018;1,1658;1,1660;0,05;1,1674;1,1655;1.168.666
eur-usd;22/06/2018;1,1606;1,1655;0,43;1,1676;1,1600;1.168.103
eur-usd;21/06/2018;1,1577;1,1605;0,23;1,1634;1,1508;1.163.059
eur-usd;20/06/2018;1,1589;1,1578;-0,09;1,1601;1,1537;1.160.331
eur-usd;19/06/2018;1,1630;1,1588;-0,36;1,1645;1,1531;1.161.516
eur-usd;18/06/2018;1,1593;1,1630;0,32;1,1642;1,1565;1.165.857
eur-usd;17/06/2018;1,1608;1,1593;-0,15;1,1613;1,1586;1.161.887
eur-usd;15/06/2018;1,1562;1,1610;0,41;1,1628;1,1543;1.163.648
eur-usd;14/06/2018;1,1803;1,1563;-2,04;1,1853;1,1561;1.158.916
eur-usd;13/06/2018;1,1747;1,1803;0,47;1,1806;1,1725;1.183.104
eur-usd;12/06/2018;1,1773;1,1748;-0,21;1,1810;1,1733;117.765
eur-usd;11/06/2018;1,1784;1,1773;-0,10;1,1821;1,1770;1.180.288
eur-usd;10/06/2018;1,1765;1,1785;0,14;1,1787;1,1754;1.181.343
eur-usd;08/06/2018;1,1792;1,1769;-0,21;1,1811;1,1727;1.179.731
eur-usd;07/06/2018;1,1782;1,1793;0,10;1,1841;1,1782;1.182.144
eur-usd;06/06/2018;1,1728;1,1782;0,47;1,1797;1,1713;1.180.956
eur-usd;05/06/2018;1,1700;1,1726;0,22;1,1733;1,1653;1.175.462
eur-usd;04/06/2018;1,1667;1,1700;0,28;1,1745;1,1667;1.172.944
eur-usd;03/06/2018;1,1655;1,1668;0,07;1,1670;1,1654;1.169.487
eur-usd;01/06/2018;1,1694;1,1660;-0,28;1,1718;1,1617;1.168.715
eur-usd;31/05/2018;1,1665;1,1692;0,24;1,1725;1,1641;117.201
eur-usd;30/05/2018;1,1538;1,1665;1,10;1,1676;1,1519;1.169.341
eur-usd;29/05/2018;1,1627;1,1538;-0,76;1,1640;1,1510;1.156.683
eur-usd;28/05/2018;1,1688;1,1626;-0,53;1,1730;1,1607;1.165.029
eur-usd;27/05/2018;1,1657;1,1689;0,31;1,1693;1,1650;1.171.368
eur-usd;25/05/2018;1,1722;1,1653;-0,59;1,1734;1,1646;1.167.783
eur-usd;24/05/2018;1,1707;1,1722;0,11;1,1751;1,1691;1.174.785
eur-usd;23/05/2018;1,1788;1,1709;-0,67;1,1790;1,1676;117.351
eur-usd;22/05/2018;1,1789;1,1788;-0,01;1,1830;1,1757;1.181.412
eur-usd;21/05/2018;1,1764;1,1790;0,21;1,1798;1,1717;1.181.676
eur-usd;20/05/2018;1,1763;1,1765;-0,05;1,1781;1,1761;1.179.239
eur-usd;18/05/2018;1,1790;1,1771;-0,16;1,1823;1,1750;1.179.562
eur-usd;17/05/2018;1,1814;1,1790;-0,21;1,1838;1,1776;118.156
eur-usd;16/05/2018;1,1821;1,1815;-0,05;1,1855;1,1763;1.184.037
eur-usd;15/05/2018;1,1932;1,1821;-0,93;1,1940;1,1817;1.184.587
eur-usd;14/05/2018;1,1952;1,1931;-0,18;1,1997;1,1922;1.195.731
eur-usd;13/05/2018;1,1946;1,1953;0,07;1,1957;1,1939;119.798
eur-usd;11/05/2018;1,1914;1,1944;0,25;1,1970;1,1891;1.196.897
eur-usd;10/05/2018;1,1847;1,1914;0,56;1,1947;1,1844;1.193.882
eur-usd;09/05/2018;1,1868;1,1847;-0,17;1,1898;1,1823;118.718
eur-usd;08/05/2018;1,1933;1,1867;-0,55;1,1939;1,1838;1.189.207
eur-usd;07/05/2018;1,1955;1,1933;-0,18;1,1979;1,1898;1.195.914
eur-usd;06/05/2018;1,1954;1,1955;-0,05;1,1967;1,1948;1.198.141
eur-usd;04/05/2018;1,1990;1,1961;-0,23;1,1997;1,1910;1.198.565
eur-usd;03/05/2018;1,1952;1,1989;0,32;1,2010;1,1948;1.201.348
eur-usd;02/05/2018;1,1991;1,1951;-0,34;1,2032;1,1938;1.197.632
eur-usd;01/05/2018;1,2080;1,1991;-0,75;1,2084;1,1981;1.201.738
eur-usd;30/04/2018;1,2122;1,2082;-0,34;1,2140;1,2064;1.210.900
eur-usd;29/04/2018;1,2127;1,2123;-0,04;1,2131;1,2118;1.214.974
eur-usd;27/04/2018;1,2109;1,2128;0,16;1,2133;1,2055;1.215.581
eur-usd;26/04/2018;1,2171;1,2108;-0,51;1,2210;1,2095;1.213.654
eur-usd;25/04/2018;1,2237;1,2171;-0,55;1,2237;1,2160;1.219.656
eur-usd;24/04/2018;1,2211;1,2238;0,23;1,2246;1,2182;1.226.486
eur-usd;23/04/2018;1,2274;1,2210;-0,53;1,2290;1,2198;1.223.828
eur-usd;22/04/2018;1,2289;1,2274;-0,11;1,2289;1,2266;1.229.941
eur-usd;20/04/2018;1,2343;1,2288;-0,45;1,2353;1,2250;1.231.336
eur-usd;19/04/2018;1,2379;1,2343;-0,29;1,2401;1,2329;1.236.896
eur-usd;18/04/2018;1,2373;1,2379;0,05;1,2398;1,2342;1.240.424
eur-usd;17/04/2018;1,2383;1,2373;-0,09;1,2415;1,2336;1.239.903
eur-usd;16/04/2018;1,2332;1,2384;0,42;1,2395;1,2324;1.241.196
eur-usd;15/04/2018;1,2330;1,2332;0,01;1,2340;1,2324;1.235.763
eur-usd;13/04/2018;1,2328;1,2331;0,01;1,2347;1,2307;1.235.716
eur-usd;12/04/2018;1,2372;1,2330;-0,34;1,2381;1,2299;1.235.589
eur-usd;11/04/2018;1,2363;1,2372;0,07;1,2397;1,2347;1.239.791
euro-stoxx50;09/04/2019;3.437,070;3.417,220;-0,61;3.450,690;3.416,670;--
euro-stoxx50;08/04/2019;3.446,150;3.438,060;-0,27;3.447,110;3.433,470;--
euro-stoxx50;05/04/2019;3.445,050;3.447,470;0,16;3.453,020;3.437,920;--
euro-stoxx50;04/04/2019;3.434,340;3.441,930;0,19;3.449,440;3.425,190;--
euro-stoxx50;03/04/2019;3.399,930;3.435,560;1,17;3.435,900;3.399,930;--
euro-stoxx50;02/04/2019;3.386,180;3.395,700;0,30;3.402,770;3.382,840;--
euro-stoxx50;01/04/2019;3.353,670;3.385,380;1,00;3.390,980;3.353,670;--
euro-stoxx50;29/03/2019;3.326,450;3.351,710;0,95;3.354,300;3.326,450;--
euro-stoxx50;28/03/2019;3.321,340;3.320,290;-0,05;3.337,560;3.315,910;--
euro-stoxx50;27/03/2019;3.322,640;3.322,040;0,08;3.344,670;3.302,800;--
euro-stoxx50;26/03/2019;3.302,130;3.319,530;0,58;3.326,350;3.293,680;--
euro-stoxx50;25/03/2019;3.297,410;3.300,480;-0,16;3.313,430;3.281,970;--
euro-stoxx50;22/03/2019;3.371,680;3.305,730;-1,83;3.377,930;3.301,600;--
euro-stoxx50;21/03/2019;3.372,360;3.367,400;-0,15;3.376,210;3.348,950;--
euro-stoxx50;20/03/2019;3.404,100;3.372,380;-1,07;3.406,120;3.372,380;--
euro-stoxx50;19/03/2019;3.389,810;3.409,000;0,62;3.422,340;3.386,260;--
euro-stoxx50;18/03/2019;3.385,460;3.387,940;0,05;3.392,630;3.380,650;--
euro-stoxx50;15/03/2019;3.345,060;3.386,080;1,32;3.394,320;3.345,060;--
euro-stoxx50;14/03/2019;3.322,920;3.342,030;0,56;3.349,850;3.322,920;--
euro-stoxx50;13/03/2019;3.301,810;3.323,450;0,59;3.327,350;3.300,170;--
euro-stoxx50;12/03/2019;3.312,320;3.303,950;-0,01;3.320,240;3.291,910;--
euro-stoxx50;11/03/2019;3.290,760;3.304,440;0,63;3.306,640;3.284,680;--
euro-stoxx50;08/03/2019;3.299,850;3.283,600;-0,76;3.299,850;3.273,680;--
euro-stoxx50;07/03/2019;3.321,180;3.308,850;-0,48;3.337,660;3.293,340;--
euro-stoxx50;06/03/2019;3.322,960;3.324,670;-0,08;3.340,670;3.317,980;--
euro-stoxx50;05/03/2019;3.316,960;3.327,190;0,30;3.330,720;3.308,640;--
euro-stoxx50;04/03/2019;3.318,100;3.317,120;0,15;3.329,650;3.315,630;--
euro-stoxx50;01/03/2019;3.306,590;3.312,100;0,42;3.330,480;3.306,590;--
euro-stoxx50;28/02/2019;3.271,140;3.298,260;0,47;3.301,020;3.268,950;--
euro-stoxx50;27/02/2019;3.283,570;3.282,770;-0,20;3.287,470;3.269,980;--
euro-stoxx50;26/02/2019;3.275,140;3.289,320;0,28;3.293,760;3.261,030;--
euro-stoxx50;25/02/2019;3.275,020;3.280,010;0,29;3.289,480;3.275,020;--
euro-stoxx50;22/02/2019;3.263,490;3.270,550;0,21;3.281,780;3.259,740;--
euro-stoxx50;21/02/2019;3.261,740;3.263,700;0,13;3.270,070;3.254,570;--
euro-stoxx50;20/02/2019;3.241,700;3.259,490;0,62;3.264,710;3.236,740;--
euro-stoxx50;19/02/2019;3.242,790;3.239,410;-0,17;3.251,220;3.223,400;--
euro-stoxx50;18/02/2019;3.239,100;3.244,790;0,11;3.248,140;3.235,570;--
euro-stoxx50;15/02/2019;3.179,380;3.241,250;1,84;3.247,340;3.175,710;--
euro-stoxx50;14/02/2019;3.212,950;3.182,660;-0,62;3.228,110;3.182,660;--
euro-stoxx50;13/02/2019;3.194,730;3.202,370;0,36;3.214,220;3.192,030;--
euro-stoxx50;12/02/2019;3.176,760;3.190,750;0,79;3.200,500;3.176,760;--
euro-stoxx50;11/02/2019;3.142,840;3.165,610;0,96;3.173,390;3.142,840;--
euro-stoxx50;08/02/2019;3.151,170;3.135,620;-0,48;3.161,140;3.124,620;--
euro-stoxx50;07/02/2019;3.204,930;3.150,760;-1,93;3.208,670;3.150,760;--
euro-stoxx50;06/02/2019;3.208,430;3.212,750;-0,07;3.216,130;3.199,030;--
euro-stoxx50;05/02/2019;3.165,840;3.215,040;1,57;3.215,040;3.162,780;--
euro-stoxx50;04/02/2019;3.170,300;3.165,200;-0,19;3.174,230;3.143,870;--
euro-stoxx50;01/02/2019;3.162,460;3.171,120;0,37;3.171,950;3.143,500;--
euro-stoxx50;31/01/2019;3.163,020;3.159,430;-0,07;3.177,100;3.129,580;--
euro-stoxx50;30/01/2019;3.155,800;3.161,740;0,26;3.163,340;3.148,840;--
euro-stoxx50;29/01/2019;3.136,150;3.153,420;0,51;3.166,240;3.130,750;--
euro-stoxx50;28/01/2019;3.157,000;3.137,270;-0,82;3.157,000;3.131,260;--
euro-stoxx50;25/01/2019;3.133,810;3.163,240;1,18;3.168,030;3.133,810;--
euro-stoxx50;24/01/2019;3.113,890;3.126,310;0,46;3.136,420;3.107,670;--
euro-stoxx50;23/01/2019;3.104,080;3.112,130;-0,02;3.132,790;3.094,480;--
euro-stoxx50;22/01/2019;3.120,320;3.112,800;-0,39;3.122,760;3.097,270;--
euro-stoxx50;21/01/2019;3.131,850;3.125,070;-0,31;3.131,850;3.120,030;--
euro-stoxx50;18/01/2019;3.079,150;3.134,920;2,14;3.137,420;3.079,150;--
euro-stoxx50;17/01/2019;3.069,410;3.069,350;-0,26;3.073,000;3.053,080;--
euro-stoxx50;16/01/2019;3.073,060;3.077,220;0,30;3.083,560;3.062,270;--
euro-stoxx50;15/01/2019;3.066,020;3.068,050;0,42;3.088,490;3.044,530;--
euro-stoxx50;14/01/2019;3.060,620;3.055,180;-0,48;3.063,340;3.037,130;--
euro-stoxx50;11/01/2019;3.079,590;3.070,040;-0,18;3.087,660;3.056,360;--
euro-stoxx50;10/01/2019;3.065,660;3.075,730;0,18;3.075,830;3.043,550;--
euro-stoxx50;09/01/2019;3.062,370;3.070,240;0,50;3.089,170;3.060,960;--
euro-stoxx50;08/01/2019;3.032,070;3.054,940;0,70;3.079,110;3.032,070;--
euro-stoxx50;07/01/2019;3.050,000;3.033,640;-0,27;3.054,720;3.016,320;--
euro-stoxx50;04/01/2019;2.964,150;3.041,850;2,95;3.050,660;2.964,150;--
euro-stoxx50;03/01/2019;2.978,280;2.954,660;-1,29;2.984,520;2.950,820;--
euro-stoxx50;02/01/2019;2.982,800;2.993,180;-0,27;3.002,520;2.936,760;--
euro-stoxx50;31/12/2018;2.991,400;3.001,420;0,50;3.003,010;2.990,610;--
euro-stoxx50;28/12/2018;2.952,050;2.986,530;1,67;2.996,170;2.951,510;--
euro-stoxx50;27/12/2018;2.987,670;2.937,360;-1,22;2.997,240;2.908,700;--
euro-stoxx50;24/12/2018;2.993,450;2.973,780;-0,89;2.993,450;2.973,220;--
euro-stoxx50;21/12/2018;2.996,920;3.000,610;0,02;3.003,060;2.957,560;--
euro-stoxx50;20/12/2018;3.031,320;3.000,060;-1,68;3.031,320;2.993,400;--
euro-stoxx50;19/12/2018;3.042,190;3.051,380;0,37;3.063,700;3.042,190;--
euro-stoxx50;18/12/2018;3.054,010;3.040,130;-0,77;3.067,540;3.040,130;--
euro-stoxx50;17/12/2018;3.088,970;3.063,650;-0,94;3.092,820;3.053,560;--
euro-stoxx50;14/12/2018;3.102,090;3.092,600;-0,63;3.103,170;3.063,230;--
euro-stoxx50;13/12/2018;3.110,570;3.112,170;0,14;3.128,100;3.100,110;--
euro-stoxx50;12/12/2018;3.059,250;3.107,970;1,72;3.119,200;3.059,250;--
euro-stoxx50;11/12/2018;3.028,930;3.055,320;1,27;3.083,500;3.028,930;--
euro-stoxx50;10/12/2018;3.054,670;3.016,990;-1,36;3.054,670;3.007,530;--
euro-stoxx50;07/12/2018;3.057,990;3.058,530;0,41;3.097,920;3.057,990;--
euro-stoxx50;06/12/2018;3.139,850;3.045,940;-3,31;3.139,850;3.033,780;--
euro-stoxx50;05/12/2018;3.181,680;3.150,270;-1,22;3.181,680;3.146,110;--
euro-stoxx50;04/12/2018;3.208,440;3.189,250;-0,80;3.210,510;3.189,000;--
euro-stoxx50;03/12/2018;3.187,330;3.214,990;1,32;3.244,980;3.187,330;--
euro-stoxx50;30/11/2018;3.178,060;3.173,130;-0,03;3.182,160;3.159,080;--
euro-stoxx50;29/11/2018;3.176,310;3.174,160;0,19;3.197,900;3.169,850;--
euro-stoxx50;28/11/2018;3.170,960;3.168,290;0,06;3.184,680;3.165,830;--
euro-stoxx50;27/11/2018;3.173,140;3.166,420;-0,20;3.186,840;3.151,890;--
euro-stoxx50;26/11/2018;3.151,220;3.172,710;1,13;3.184,660;3.151,220;--
euro-stoxx50;23/11/2018;3.127,940;3.137,210;0,34;3.145,040;3.114,740;--
euro-stoxx50;22/11/2018;3.148,800;3.126,670;-0,86;3.148,800;3.121,590;--
euro-stoxx50;21/11/2018;3.124,600;3.153,910;1,21;3.156,770;3.124,600;--
euro-stoxx50;20/11/2018;3.153,190;3.116,070;-1,40;3.153,190;3.100,770;--
euro-stoxx50;19/11/2018;3.184,510;3.160,330;-0,64;3.206,580;3.157,950;--
euro-stoxx50;16/11/2018;3.197,610;3.180,740;-0,30;3.214,570;3.158,870;--
euro-stoxx50;15/11/2018;3.210,040;3.190,310;-0,47;3.227,740;3.164,850;--
euro-stoxx50;14/11/2018;3.213,350;3.205,360;-0,60;3.239,990;3.179,080;--
euro-stoxx50;13/11/2018;3.200,080;3.224,820;0,96;3.228,880;3.196,700;--
euro-stoxx50;12/11/2018;3.237,950;3.194,080;-1,10;3.248,330;3.192,580;--
euro-stoxx50;09/11/2018;3.233,110;3.229,490;-0,25;3.234,790;3.204,940;--
euro-stoxx50;08/11/2018;3.248,700;3.237,600;-0,26;3.263,720;3.231,800;--
euro-stoxx50;07/11/2018;3.212,670;3.246,160;1,21;3.251,950;3.212,670;--
euro-stoxx50;06/11/2018;3.219,080;3.207,420;-0,31;3.222,590;3.197,140;--
euro-stoxx50;05/11/2018;3.215,730;3.217,370;0,09;3.230,980;3.210,760;--
euro-stoxx50;02/11/2018;3.217,780;3.214,410;0,32;3.251,670;3.214,390;--
euro-stoxx50;01/11/2018;3.196,130;3.204,210;0,05;3.227,420;3.192,380;--
euro-stoxx50;31/10/2018;3.198,050;3.202,750;1,77;3.204,720;3.198,050;--
euro-stoxx50;30/10/2018;3.157,310;3.147,130;-0,25;3.169,750;3.123,920;--
euro-stoxx50;29/10/2018;3.139,030;3.154,930;0,64;3.182,230;3.138,700;--
euro-stoxx50;26/10/2018;3.157,110;3.134,890;-0,93;3.157,110;3.090,850;--
euro-stoxx50;25/10/2018;3.126,690;3.164,400;1,09;3.166,440;3.107,880;--
euro-stoxx50;24/10/2018;3.144,160;3.130,330;-0,34;3.185,990;3.128,930;--
euro-stoxx50;23/10/2018;3.179,070;3.140,940;-1,54;3.179,070;3.132,290;--
euro-stoxx50;22/10/2018;3.217,550;3.190,090;-0,65;3.245,870;3.187,500;--
euro-stoxx50;19/10/2018;3.210,820;3.210,820;-0,02;3.225,640;3.183,200;--
euro-stoxx50;18/10/2018;3.241,790;3.211,590;-0,97;3.258,340;3.211,590;--
euro-stoxx50;17/10/2018;3.260,290;3.243,080;-0,44;3.282,230;3.230,300;--
euro-stoxx50;16/10/2018;3.211,470;3.257,340;1,46;3.260,810;3.208,140;--
euro-stoxx50;15/10/2018;3.193,790;3.210,370;0,50;3.214,910;3.180,610;--
euro-stoxx50;12/10/2018;3.219,190;3.194,410;-0,46;3.245,160;3.193,400;--
euro-stoxx50;11/10/2018;3.245,580;3.209,190;-1,77;3.254,370;3.206,200;--
euro-stoxx50;10/10/2018;3.321,590;3.266,900;-1,65;3.321,590;3.266,230;--
euro-stoxx50;09/10/2018;3.311,340;3.321,790;0,36;3.327,530;3.278,020;--
euro-stoxx50;08/10/2018;3.338,020;3.309,720;-1,07;3.338,020;3.306,280;--
euro-stoxx50;05/10/2018;3.374,270;3.345,510;-0,88;3.377,700;3.343,670;--
euro-stoxx50;04/10/2018;3.400,120;3.375,080;-0,89;3.400,150;3.371,220;--
euro-stoxx50;03/10/2018;3.395,160;3.405,480;0,49;3.414,230;3.389,520;--
euro-stoxx50;02/10/2018;3.403,590;3.388,990;-0,74;3.403,590;3.370,950;--
euro-stoxx50;01/10/2018;3.399,960;3.414,160;0,44;3.425,450;3.398,340;--
euro-stoxx50;28/09/2018;3.440,400;3.399,200;-1,47;3.440,400;3.380,270;--
euro-stoxx50;27/09/2018;3.429,580;3.449,790;0,48;3.452,410;3.408,480;--
euro-stoxx50;26/09/2018;3.421,900;3.433,150;0,39;3.433,740;3.415,580;--
euro-stoxx50;25/09/2018;3.410,050;3.419,780;0,27;3.425,640;3.408,700;--
euro-stoxx50;24/09/2018;3.426,850;3.410,440;-0,59;3.426,850;3.405,420;--
euro-stoxx50;21/09/2018;3.407,460;3.430,810;0,81;3.436,480;3.407,460;--
euro-stoxx50;20/09/2018;3.369,000;3.403,120;1,03;3.409,220;3.368,370;--
euro-stoxx50;19/09/2018;3.359,870;3.368,560;0,30;3.373,900;3.351,640;--
euro-stoxx50;18/09/2018;3.343,990;3.358,460;0,37;3.368,310;3.337,370;--
euro-stoxx50;17/09/2018;3.340,040;3.346,110;0,04;3.351,350;3.333,470;--
euro-stoxx50;14/09/2018;3.339,310;3.344,630;0,33;3.351,530;3.334,240;--
euro-stoxx50;13/09/2018;3.325,440;3.333,680;0,21;3.354,070;3.323,090;--
euro-stoxx50;12/09/2018;3.313,980;3.326,600;0,45;3.329,550;3.304,800;--
euro-stoxx50;11/09/2018;3.313,090;3.311,660;0,07;3.318,590;3.286,970;--
euro-stoxx50;10/09/2018;3.291,650;3.309,280;0,48;3.323,550;3.288,970;--
euro-stoxx50;07/09/2018;3.298,010;3.293,360;-0,08;3.305,630;3.274,400;--
euro-stoxx50;06/09/2018;3.315,880;3.295,950;-0,59;3.328,690;3.295,950;--
euro-stoxx50;05/09/2018;3.352,710;3.315,620;-1,30;3.352,710;3.315,420;--
euro-stoxx50;04/09/2018;3.401,250;3.359,360;-1,05;3.408,250;3.343,980;--
euro-stoxx50;03/09/2018;3.391,820;3.394,990;0,06;3.397,240;3.382,020;--
euro-stoxx50;31/08/2018;3.428,630;3.392,900;-1,11;3.428,630;3.389,920;--
euro-stoxx50;30/08/2018;3.452,940;3.430,990;-0,73;3.452,940;3.423,420;--
euro-stoxx50;29/08/2018;3.448,440;3.456,130;0,25;3.457,840;3.438,150;--
euro-stoxx50;28/08/2018;3.459,120;3.447,570;-0,24;3.463,030;3.447,550;--
euro-stoxx50;27/08/2018;3.435,120;3.456,010;0,83;3.460,720;3.433,590;--
euro-stoxx50;24/08/2018;3.419,450;3.427,440;0,24;3.436,550;3.419,450;--
euro-stoxx50;23/08/2018;3.420,600;3.419,260;-0,03;3.430,370;3.416,100;--
euro-stoxx50;22/08/2018;3.408,280;3.420,180;0,25;3.429,590;3.404,870;--
euro-stoxx50;21/08/2018;3.390,260;3.411,660;0,53;3.424,000;3.387,040;--
euro-stoxx50;20/08/2018;3.376,380;3.393,670;0,61;3.405,170;3.376,380;--
euro-stoxx50;17/08/2018;3.378,490;3.372,940;-0,14;3.385,740;3.354,300;--
euro-stoxx50;16/08/2018;3.366,010;3.377,560;0,55;3.381,630;3.357,490;--
euro-stoxx50;15/08/2018;3.411,270;3.359,080;-1,48;3.422,860;3.349,140;--
euro-stoxx50;14/08/2018;3.415,080;3.409,440;-0,01;3.435,120;3.398,380;--
euro-stoxx50;13/08/2018;3.423,370;3.409,680;-0,48;3.424,230;3.400,230;--
euro-stoxx50;10/08/2018;3.486,310;3.426,280;-1,94;3.486,310;3.413,680;--
euro-stoxx50;09/08/2018;3.490,370;3.494,130;0,02;3.496,970;3.478,280;--
euro-stoxx50;08/08/2018;3.502,170;3.493,600;-0,31;3.509,310;3.486,570;--
euro-stoxx50;07/08/2018;3.487,030;3.504,370;0,60;3.514,970;3.487,030;--
euro-stoxx50;06/08/2018;3.483,190;3.483,300;0,03;3.502,350;3.472,010;--
euro-stoxx50;03/08/2018;3.474,820;3.482,400;0,38;3.491,470;3.470,260;--
euro-stoxx50;02/08/2018;3.505,110;3.469,210;-1,14;3.505,110;3.460,140;--
euro-stoxx50;01/08/2018;3.527,820;3.509,230;-0,46;3.531,610;3.506,680;--
euro-stoxx50;31/07/2018;3.512,030;3.525,490;0,38;3.536,870;3.509,100;--
euro-stoxx50;30/07/2018;3.517,560;3.512,310;-0,42;3.521,420;3.511,900;--
euro-stoxx50;27/07/2018;3.512,740;3.527,180;0,51;3.529,390;3.509,670;--
euro-stoxx50;26/07/2018;3.472,820;3.509,260;1,18;3.509,380;3.472,820;--
euro-stoxx50;25/07/2018;3.482,310;3.468,450;-0,43;3.486,040;3.460,000;--
euro-stoxx50;24/07/2018;3.460,660;3.483,310;0,85;3.493,980;3.460,480;--
euro-stoxx50;23/07/2018;3.453,910;3.454,050;-0,17;3.460,400;3.439,680;--
euro-stoxx50;20/07/2018;3.466,410;3.460,030;-0,33;3.481,830;3.431,950;--
euro-stoxx50;19/07/2018;3.481,410;3.471,640;-0,39;3.486,980;3.466,720;--
euro-stoxx50;18/07/2018;3.468,510;3.485,080;0,80;3.487,000;3.468,510;--
euro-stoxx50;17/07/2018;3.445,340;3.457,500;0,24;3.461,930;3.429,960;--
euro-stoxx50;16/07/2018;3.455,170;3.449,080;-0,16;3.464,390;3.441,880;--
euro-stoxx50;13/07/2018;3.454,290;3.454,540;0,26;3.466,260;3.447,870;--
euro-stoxx50;12/07/2018;3.427,210;3.445,490;0,68;3.446,550;3.418,060;--
euro-stoxx50;11/07/2018;3.454,660;3.422,350;-1,47;3.454,660;3.422,350;--
euro-stoxx50;10/07/2018;3.465,250;3.473,310;0,37;3.480,440;3.455,980;--
euro-stoxx50;09/07/2018;3.458,450;3.460,440;0,35;3.471,500;3.451,960;--
euro-stoxx50;06/07/2018;3.449,500;3.448,490;0,22;3.453,910;3.430,310;--
euro-stoxx50;05/07/2018;3.411,240;3.440,920;0,85;3.459,910;3.411,240;--
euro-stoxx50;04/07/2018;3.402,020;3.412,030;0,17;3.417,690;3.400,450;--
euro-stoxx50;03/07/2018;3.382,680;3.406,340;1,01;3.420,380;3.379,010;--
euro-stoxx50;02/07/2018;3.375,560;3.372,210;-0,69;3.386,070;3.345,090;--
euro-stoxx50;29/06/2018;3.389,440;3.395,600;0,89;3.420,970;3.389,440;--
euro-stoxx50;28/06/2018;3.383,430;3.365,520;-0,93;3.403,360;3.347,940;--
euro-stoxx50;27/06/2018;3.368,120;3.397,130;0,84;3.424,600;3.340,850;--
euro-stoxx50;26/06/2018;3.379,140;3.368,720;-0,01;3.387,090;3.363,330;--
euro-stoxx50;25/06/2018;3.422,600;3.369,210;-2,10;3.425,400;3.369,210;--
euro-stoxx50;22/06/2018;3.407,290;3.441,600;1,12;3.441,600;3.407,290;--
euro-stoxx50;21/06/2018;3.442,690;3.403,510;-1,05;3.456,610;3.395,270;--
euro-stoxx50;20/06/2018;3.443,510;3.439,600;0,13;3.461,650;3.437,240;--
euro-stoxx50;19/06/2018;3.459,540;3.435,300;-0,90;3.459,540;3.410,410;--
euro-stoxx50;18/06/2018;3.500,250;3.466,650;-1,09;3.500,900;3.451,900;--
euro-stoxx50;15/06/2018;3.528,710;3.505,020;-0,63;3.540,640;3.505,020;--
euro-stoxx50;14/06/2018;3.466,430;3.527,110;1,37;3.534,310;3.457,120;--
euro-stoxx50;13/06/2018;3.475,290;3.479,560;0,11;3.488,130;3.464,260;--
euro-stoxx50;12/06/2018;3.490,760;3.475,580;-0,13;3.497,030;3.472,640;--
euro-stoxx50;11/06/2018;3.451,500;3.480,220;0,95;3.483,700;3.451,500;--
euro-stoxx50;08/06/2018;3.452,350;3.447,300;-0,36;3.454,120;3.422,030;--
euro-stoxx50;07/06/2018;3.468,520;3.459,770;-0,03;3.489,960;3.449,690;--
euro-stoxx50;06/06/2018;3.457,450;3.460,820;0,12;3.470,510;3.434,350;--
euro-stoxx50;05/06/2018;3.467,260;3.456,790;-0,37;3.497,320;3.456,790;--
euro-stoxx50;04/06/2018;3.465,250;3.469,570;0,46;3.485,330;3.463,330;--
euro-stoxx50;01/06/2018;3.420,840;3.453,540;1,38;3.468,140;3.420,840;--
euro-stoxx50;31/05/2018;3.445,070;3.406,650;-1,00;3.455,150;3.391,010;--
euro-stoxx50;30/05/2018;3.420,790;3.441,190;0,38;3.446,280;3.408,560;--
euro-stoxx50;29/05/2018;3.467,090;3.428,140;-1,56;3.467,090;3.398,320;--
euro-stoxx50;28/05/2018;3.511,290;3.482,640;-0,93;3.540,030;3.473,350;--
euro-stoxx50;25/05/2018;3.526,430;3.515,360;-0,18;3.551,820;3.493,610;--
euro-stoxx50;24/05/2018;3.543,090;3.521,760;-0,57;3.560,560;3.507,390;--
euro-stoxx50;23/05/2018;3.580,670;3.541,820;-1,27;3.580,670;3.528,120;--
euro-stoxx50;22/05/2018;3.575,220;3.587,250;0,41;3.595,100;3.572,380;--
euro-stoxx50;21/05/2018;3.572,480;3.572,570;-0,03;3.584,490;3.570,970;--
euro-stoxx50;18/05/2018;3.582,560;3.573,760;-0,51;3.596,200;3.566,530;--
euro-stoxx50;17/05/2018;3.562,240;3.592,180;0,82;3.592,180;3.562,240;--
euro-stoxx50;16/05/2018;3.562,540;3.562,850;-0,04;3.567,600;3.550,900;--
euro-stoxx50;15/05/2018;3.562,460;3.564,290;-0,04;3.570,330;3.552,230;--
euro-stoxx50;14/05/2018;3.564,900;3.565,740;0,01;3.568,530;3.553,670;--
euro-stoxx50;11/05/2018;3.565,150;3.565,520;-0,12;3.569,720;3.556,220;--
euro-stoxx50;10/05/2018;3.564,830;3.569,710;0,00;3.574,090;3.549,260;--
euro-stoxx50;09/05/2018;3.559,920;3.569,740;0,33;3.570,630;3.556,960;--
euro-stoxx50;08/05/2018;3.562,510;3.557,880;-0,18;3.564,730;3.541,940;--
euro-stoxx50;07/05/2018;3.545,470;3.564,190;0,38;3.566,060;3.540,140;--
euro-stoxx50;04/05/2018;3.531,400;3.550,590;0,61;3.550,590;3.524,480;--
euro-stoxx50;03/05/2018;3.548,090;3.529,120;-0,69;3.549,140;3.523,000;--
euro-stoxx50;02/05/2018;3.532,870;3.553,790;0,50;3.557,870;3.531,840;--
euro-stoxx50;01/05/2018;3.536,420;3.536,260;-0,01;3.536,630;3.536,070;--
euro-stoxx50;30/04/2018;3.516,710;3.536,520;0,50;3.538,170;3.512,700;--
euro-stoxx50;27/04/2018;3.510,280;3.518,780;0,36;3.522,590;3.503,590;--
euro-stoxx50;26/04/2018;3.485,970;3.506,030;0,58;3.507,830;3.477,230;--
euro-stoxx50;25/04/2018;3.500,600;3.485,830;-0,71;3.500,600;3.464,350;--
euro-stoxx50;24/04/2018;3.509,400;3.510,880;-0,06;3.523,810;3.493,880;--
euro-stoxx50;23/04/2018;3.494,070;3.513,060;0,54;3.514,650;3.482,270;--
euro-stoxx50;20/04/2018;3.484,560;3.494,200;0,22;3.505,440;3.479,240;--
euro-stoxx50;19/04/2018;3.492,910;3.486,600;-0,12;3.495,390;3.478,630;--
euro-stoxx50;18/04/2018;3.476,590;3.490,890;0,37;3.494,820;3.476,590;--
euro-stoxx50;17/04/2018;3.444,390;3.477,910;1,07;3.486,530;3.444,390;--
euro-stoxx50;16/04/2018;3.450,390;3.441,040;-0,20;3.455,030;3.435,580;--
euro-stoxx50;13/04/2018;3.445,030;3.448,000;0,12;3.466,990;3.438,930;--
euro-stoxx50;12/04/2018;3.419,600;3.443,970;0,71;3.447,520;3.413,680;--
euro-stoxx50;11/04/2018;3.435,640;3.419,710;-0,55;3.435,640;3.411,630;--
dow-jones;09/04/2019;26.243,540;26.150,580;-0,72;26.246,340;26.103,140;244.407.525
dow-jones;08/04/2019;26.312,670;26.341,020;-0,32;26.344,650;26.246,030;229.379.600
dow-jones;05/04/2019;26.427,560;26.424,990;0,15;26.487,570;26.370,820;229.551.516
dow-jones;04/04/2019;26.213,420;26.384,630;0,64;26.398,900;26.212,780;233.044.083
dow-jones;03/04/2019;26.238,030;26.218,130;0,15;26.282,170;26.138,470;271.975.335
dow-jones;02/04/2019;26.213,550;26.179,130;-0,30;26.221,240;26.122,310;250.935.381
dow-jones;01/04/2019;26.075,100;26.258,420;1,27;26.280,900;26.071,690;295.566.558
dow-jones;29/03/2019;25.827,310;25.928,680;0,82;25.949,320;25.771,670;300.617.436
dow-jones;28/03/2019;25.693,320;25.717,460;0,36;25.743,410;25.576,690;237.173.302
dow-jones;27/03/2019;25.676,340;25.625,590;-0,13;25.758,170;25.425,270;270.344.810
dow-jones;26/03/2019;25.649,560;25.657,730;0,55;25.796,290;25.544,780;305.107.721
dow-jones;25/03/2019;25.490,720;25.516,830;0,06;25.603,270;25.372,260;303.118.299
dow-jones;22/03/2019;25.844,650;25.502,320;-1,77;25.877,010;25.501,450;386.508.044
dow-jones;21/03/2019;25.688,440;25.962,510;0,84;26.009,900;25.657,780;335.254.229
dow-jones;20/03/2019;25.867,790;25.745,670;-0,55;25.929,520;25.670,630;321.984.384
dow-jones;19/03/2019;25.987,870;25.887,380;-0,10;26.109,680;25.814,920;342.252.131
dow-jones;18/03/2019;25.801,880;25.914,100;0,25;25.924,770;25.785,660;303.173.601
dow-jones;15/03/2019;25.720,960;25.848,870;0,54;25.927,910;25.649,700;616.907.676
dow-jones;14/03/2019;25.692,310;25.709,940;0,03;25.752,840;25.621,310;302.790.797
dow-jones;13/03/2019;25.637,230;25.702,890;0,58;25.776,490;25.571,310;331.410.054
dow-jones;12/03/2019;25.600,300;25.554,660;-0,38;25.675,440;25.522,170;312.517.339
dow-jones;11/03/2019;25.208,000;25.650,880;0,79;25.661,630;25.208,000;309.792.305
dow-jones;08/03/2019;25.347,380;25.450,240;-0,09;25.466,140;25.252,460;270.496.061
dow-jones;07/03/2019;25.645,450;25.473,230;-0,78;25.645,450;25.352,550;289.144.133
dow-jones;06/03/2019;25.818,760;25.673,460;-0,52;25.837,610;25.633,710;251.934.699
dow-jones;05/03/2019;25.829,070;25.806,630;-0,05;25.877,150;25.725,630;252.263.057
dow-jones;04/03/2019;26.122,190;25.819,650;-0,79;26.155,980;25.611,550;295.505.843
dow-jones;01/03/2019;26.019,670;26.026,320;0,43;26.143,920;25.914,370;289.887.755
dow-jones;28/02/2019;25.984,280;25.916,000;-0,27;26.029,210;25.896,560;338.521.326
dow-jones;27/02/2019;25.995,600;25.985,160;-0,28;26.039,680;25.877,240;255.375.789
dow-jones;26/02/2019;26.051,610;26.057,980;-0,13;26.155,290;25.966,010;257.845.762
dow-jones;25/02/2019;26.126,150;26.091,950;0,23;26.241,420;26.080,660;281.602.984
dow-jones;22/02/2019;25.906,270;26.031,810;0,70;26.052,900;25.906,270;279.759.596
dow-jones;21/02/2019;25.922,410;25.850,630;-0,40;25.938,880;25.762,210;255.708.683
dow-jones;20/02/2019;25.872,260;25.954,440;0,24;25.986,200;25.846,480;287.876.547
dow-jones;19/02/2019;25.849,850;25.891,320;0,03;25.961,440;25.820,010;280.623.803
dow-jones;15/02/2019;25.564,630;25.883,250;1,74;25.883,720;25.564,630;328.525.803
dow-jones;14/02/2019;25.460,650;25.439,390;-0,41;25.558,900;25.308,090;313.010.162
dow-jones;13/02/2019;25.480,860;25.543,270;0,46;25.625,950;25.480,860;263.327.708
dow-jones;12/02/2019;25.152,030;25.425,760;1,49;25.458,980;25.152,030;278.114.833
dow-jones;11/02/2019;25.142,810;25.053,110;-0,21;25.196,750;25.009,100;241.695.723
dow-jones;08/02/2019;25.042,360;25.106,330;-0,25;25.106,390;24.883,040;248.209.479
dow-jones;07/02/2019;25.265,810;25.169,530;-0,87;25.314,260;25.000,520;295.462.963
dow-jones;06/02/2019;25.371,570;25.390,300;-0,08;25.439,040;25.312,060;247.594.509
dow-jones;05/02/2019;25.287,930;25.411,520;0,68;25.427,320;25.287,650;305.184.732
dow-jones;04/02/2019;25.062,120;25.239,370;0,70;25.239,910;24.977,670;298.542.215
dow-jones;01/02/2019;25.025,310;25.063,890;0,26;25.193,150;24.982,490;372.090.231
dow-jones;31/01/2019;24.954,480;24.999,670;-0,06;25.049,620;24.842,090;507.346.037
dow-jones;30/01/2019;24.826,520;25.014,860;1,77;25.109,620;24.790,900;397.331.664
dow-jones;29/01/2019;24.519,620;24.579,960;0,21;24.674,870;24.504,040;330.865.211
dow-jones;28/01/2019;24.596,980;24.528,220;-0,84;24.596,980;24.323,940;340.062.681
dow-jones;25/01/2019;24.687,210;24.737,200;0,75;24.860,150;24.676,750;376.894.369
dow-jones;24/01/2019;24.579,960;24.553,240;-0,09;24.626,300;24.422,730;320.169.486
dow-jones;23/01/2019;24.577,250;24.575,620;0,70;24.700,980;24.307,170;318.598.510
dow-jones;22/01/2019;24.607,760;24.404,480;-1,22;24.607,760;24.244,310;338.482.742
dow-jones;18/01/2019;24.534,190;24.706,350;1,38;24.750,220;24.459,030;372.972.531
dow-jones;17/01/2019;24.147,090;24.370,100;0,67;24.474,460;24.088,900;288.587.672
dow-jones;16/01/2019;24.139,910;24.207,160;0,59;24.288,610;24.119,720;302.833.511
dow-jones;15/01/2019;23.914,110;24.065,590;0,65;24.099,140;23.887,930;291.574.850
dow-jones;14/01/2019;23.880,530;23.909,840;-0,36;23.964,900;23.765,240;277.558.125
dow-jones;11/01/2019;23.940,010;23.995,950;-0,02;23.996,320;23.798,160;262.647.497
dow-jones;10/01/2019;23.811,110;24.001,920;0,51;24.014,780;23.703,250;338.145.444
dow-jones;09/01/2019;23.844,270;23.879,120;0,39;23.985,450;23.776,560;324.574.321
dow-jones;08/01/2019;23.680,320;23.787,450;1,09;23.864,650;23.581,450;317.423.120
dow-jones;07/01/2019;23.474,260;23.531,350;0,42;23.687,740;23.301,590;334.203.936
dow-jones;04/01/2019;22.894,920;23.433,160;3,29;23.518,640;22.894,920;396.015.724
dow-jones;03/01/2019;23.176,390;22.686,220;-2,83;23.176,390;22.638,410;424.238.479
dow-jones;02/01/2019;23.058,610;23.346,240;0,08;23.413,470;22.928,590;321.566.851
dow-jones;31/12/2018;23.153,940;23.327,460;1,15;23.333,180;23.118,300;288.830.889
dow-jones;28/12/2018;23.213,610;23.062,400;-0,33;23.381,880;22.981,330;336.509.798
dow-jones;27/12/2018;22.629,060;23.138,820;1,14;23.138,890;22.267,420;407.941.465
dow-jones;26/12/2018;21.857,730;22.878,450;4,98;22.878,920;21.712,530;433.078.561
dow-jones;24/12/2018;22.317,280;21.792,200;-2,91;22.339,870;21.792,200;308.419.010
dow-jones;21/12/2018;22.871,740;22.445,370;-1,81;23.254,590;22.396,340;900.514.486
dow-jones;20/12/2018;23.224,120;22.859,600;-1,99;23.282,200;22.644,310;576.699.643
dow-jones;19/12/2018;23.693,330;23.323,660;-1,49;24.057,340;23.162,640;503.548.604
dow-jones;18/12/2018;23.769,130;23.675,640;0,35;23.927,770;23.516,020;408.070.546
dow-jones;17/12/2018;23.986,830;23.592,980;-2,11;24.088,080;23.456,880;466.739.992
dow-jones;14/12/2018;24.408,040;24.100,510;-2,02;24.431,140;24.033,790;416.943.303
dow-jones;13/12/2018;24.575,860;24.597,380;0,29;24.740,960;24.473,290;299.972.456
dow-jones;12/12/2018;24.509,090;24.527,270;0,64;24.828,290;24.509,090;343.275.152
dow-jones;11/12/2018;24.719,910;24.370,240;-0,22;24.791,260;24.221,060;342.962.559
dow-jones;10/12/2018;24.360,950;24.423,260;0,14;24.500,810;23.881,370;389.690.618
dow-jones;07/12/2018;24.918,820;24.388,950;-2,24;25.095,620;24.284,780;398.231.061
dow-jones;06/12/2018;24.737,420;24.947,670;-0,32;24.951,010;24.242,220;471.687.936
dow-jones;04/12/2018;25.752,560;25.027,070;-3,10;25.773,120;25.008,110;418.899.245
dow-jones;03/12/2018;25.779,570;25.826,430;1,13;25.980,210;25.670,510;388.482.798
dow-jones;30/11/2018;25.307,140;25.538,460;0,79;25.549,710;25.250,970;482.249.445
dow-jones;29/11/2018;25.343,650;25.338,840;-0,11;25.479,040;25.202,790;305.105.944
dow-jones;28/11/2018;24.832,840;25.366,430;2,50;25.368,930;24.832,840;362.160.937
dow-jones;27/11/2018;24.557,020;24.748,730;0,44;24.750,730;24.416,030;308.249.415
dow-jones;26/11/2018;24.364,130;24.640,240;1,46;24.673,290;24.364,130;306.276.154
dow-jones;23/11/2018;24.336,400;24.285,950;-0,73;24.408,800;24.268,740;155.942.556
dow-jones;21/11/2018;24.541,650;24.464,690;0,00;24.669,790;24.463,280;289.369.131
dow-jones;20/11/2018;24.618,680;24.465,640;-2,21;24.707,260;24.368,980;445.919.702
dow-jones;19/11/2018;25.392,610;25.017,440;-1,56;25.392,610;24.900,980;358.093.278
dow-jones;16/11/2018;25.242,350;25.413,220;0,49;25.510,230;25.147,800;354.461.249
dow-jones;15/11/2018;25.061,480;25.289,270;0,83;25.354,560;24.787,790;392.754.253
dow-jones;14/11/2018;25.388,080;25.080,500;-0,81;25.501,290;24.935,820;384.243.467
dow-jones;13/11/2018;25.321,210;25.286,490;-0,40;25.511,030;25.193,780;339.694.637
dow-jones;12/11/2018;25.959,330;25.387,180;-2,32;25.966,710;25.340,510;346.905.429
dow-jones;09/11/2018;26.149,110;25.989,300;-0,77;26.161,490;25.882,910;324.453.598
dow-jones;08/11/2018;26.139,590;26.191,220;0,04;26.277,820;26.081,900;295.647.537
dow-jones;07/11/2018;25.788,460;26.180,300;2,13;26.200,140;25.765,880;357.795.469
dow-jones;06/11/2018;25.452,830;25.635,010;0,68;25.651,860;25.444,900;265.452.799
dow-jones;05/11/2018;25.261,470;25.461,700;0,76;25.507,350;25.261,470;334.742.493
dow-jones;02/11/2018;25.443,600;25.270,830;-0,43;25.578,980;25.078,720;429.479.986
dow-jones;01/11/2018;25.142,080;25.380,740;1,06;25.396,470;25.108,110;383.972.742
dow-jones;31/10/2018;25.008,820;25.115,760;0,97;25.336,550;25.008,820;448.931.303
dow-jones;30/10/2018;24.482,040;24.874,640;1,77;24.906,680;24.415,690;470.048.861
dow-jones;29/10/2018;24.818,980;24.442,920;-0,99;25.040,580;24.122,230;443.846.224
dow-jones;26/10/2018;24.770,250;24.688,310;-1,19;24.916,160;24.445,190;505.313.987
dow-jones;25/10/2018;24.736,540;24.984,550;1,63;25.104,290;24.645,560;431.506.191
dow-jones;24/10/2018;25.172,880;24.583,420;-2,41;25.306,230;24.533,190;496.402.013
dow-jones;23/10/2018;25.038,460;25.191,430;-0,50;25.307,700;24.768,790;436.433.048
dow-jones;22/10/2018;25.492,140;25.317,410;-0,50;25.561,340;25.236,050;314.941.053
dow-jones;19/10/2018;25.421,090;25.444,340;0,26;25.608,710;25.350,020;350.808.678
dow-jones;18/10/2018;25.645,560;25.379,450;-1,27;25.691,460;25.236,010;328.018.526
dow-jones;17/10/2018;25.705,870;25.706,680;-0,36;25.810,090;25.479,160;298.211.385
dow-jones;16/10/2018;25.351,530;25.798,420;2,17;25.817,680;25.351,530;305.801.884
dow-jones;15/10/2018;25.332,460;25.250,550;-0,35;25.482,420;25.243,880;287.323.190
dow-jones;12/10/2018;25.407,630;25.339,990;1,15;25.467,550;25.000,830;397.514.630
dow-jones;11/10/2018;25.518,390;25.052,830;-2,13;25.683,640;24.899,770;522.876.538
dow-jones;10/10/2018;26.441,730;25.598,740;-3,15;26.441,730;25.593,650;438.198.279
dow-jones;09/10/2018;26.469,190;26.430,570;-0,21;26.539,940;26.324,160;282.561.110
dow-jones;08/10/2018;26.399,450;26.486,780;0,15;26.529,350;26.223,090;273.021.894
dow-jones;05/10/2018;26.632,770;26.447,050;-0,68;26.676,160;26.301,810;267.102.727
dow-jones;04/10/2018;26.784,080;26.627,480;-0,75;26.793,820;26.471,610;289.595.648
dow-jones;03/10/2018;26.833,470;26.828,390;0,20;26.951,810;26.789,080;280.131.792
dow-jones;02/10/2018;26.648,910;26.773,940;0,46;26.824,780;26.627,660;258.290.243
dow-jones;01/10/2018;26.598,360;26.651,210;0,73;26.737,980;26.596,050;238.324.837
dow-jones;28/09/2018;26.407,660;26.458,310;0,07;26.515,760;26.383,570;264.027.878
dow-jones;27/09/2018;26.418,270;26.439,930;0,21;26.557,010;26.379,950;226.353.415
dow-jones;26/09/2018;26.536,860;26.385,280;-0,40;26.606,090;26.349,340;262.615.478
dow-jones;25/09/2018;26.601,580;26.492,210;-0,26;26.634,850;26.475,580;234.114.854
dow-jones;24/09/2018;26.705,250;26.562,050;-0,68;26.709,940;26.548,680;254.854.178
dow-jones;21/09/2018;26.726,250;26.743,500;0,32;26.769,160;26.680,370;657.619.646
dow-jones;20/09/2018;26.519,390;26.656,980;0,95;26.697,490;26.519,390;260.480.927
dow-jones;19/09/2018;26.287,840;26.405,760;0,61;26.464,410;26.280,760;251.328.907
dow-jones;18/09/2018;26.076,210;26.246,960;0,71;26.317,340;26.076,210;242.997.029
dow-jones;17/09/2018;26.151,660;26.062,120;-0,35;26.184,470;26.030,350;227.820.690
dow-jones;14/09/2018;26.169,560;26.154,670;0,03;26.211,110;26.068,290;228.639.745
dow-jones;13/09/2018;26.083,940;26.145,990;0,57;26.191,640;26.067,080;260.800.881
dow-jones;12/09/2018;25.989,070;25.998,920;0,11;26.145,720;25.929,430;282.772.318
dow-jones;11/09/2018;25.841,140;25.971,060;0,44;26.019,920;25.754,320;262.251.310
dow-jones;10/09/2018;25.991,910;25.857,070;-0,23;26.039,960;25.854,130;252.172.030
dow-jones;07/09/2018;25.951,020;25.916,540;-0,31;26.002,990;25.818,390;279.143.913
dow-jones;06/09/2018;25.973,020;25.995,870;0,08;26.073,680;25.880,840;262.380.970
dow-jones;05/09/2018;25.919,840;25.974,990;0,09;26.011,220;25.871,040;289.213.800
dow-jones;04/09/2018;25.916,070;25.952,480;-0,05;25.971,770;25.805,950;254.595.460
dow-jones;31/08/2018;25.964,850;25.964,820;-0,09;26.028,830;25.879,770;273.440.918
dow-jones;30/08/2018;26.099,010;25.986,920;-0,53;26.104,370;25.934,800;240.442.269
dow-jones;29/08/2018;26.082,530;26.124,570;0,23;26.167,940;26.035,300;214.955.750
dow-jones;28/08/2018;26.092,700;26.064,020;0,06;26.122,240;26.037,850;211.469.199
dow-jones;27/08/2018;25.882,710;26.049,640;1,01;26.067,570;25.882,710;220.510.695
dow-jones;24/08/2018;25.688,580;25.790,350;0,52;25.826,050;25.688,580;200.325.379
dow-jones;23/08/2018;25.714,860;25.656,980;-0,30;25.762,560;25.608,020;213.274.458
dow-jones;22/08/2018;25.825,060;25.733,600;-0,34;25.836,160;25.722,430;200.476.676
dow-jones;21/08/2018;25.786,990;25.822,290;0,25;25.888,820;25.784,900;241.622.509
dow-jones;20/08/2018;25.727,700;25.758,690;0,35;25.790,170;25.716,410;248.572.791
dow-jones;17/08/2018;25.550,800;25.669,320;0,43;25.728,160;25.521,660;284.155.866
dow-jones;16/08/2018;25.294,970;25.558,730;1,58;25.607,340;25.294,970;342.434.716
dow-jones;15/08/2018;25.235,370;25.162,410;-0,54;25.235,370;24.965,770;295.808.254
dow-jones;14/08/2018;25.215,690;25.299,920;0,45;25.339,510;25.201,870;219.211.007
dow-jones;13/08/2018;25.327,190;25.187,700;-0,50;25.381,390;25.153,930;219.993.413
dow-jones;10/08/2018;25.401,190;25.313,140;-0,77;25.401,190;25.222,880;234.483.391
dow-jones;09/08/2018;25.589,790;25.509,230;-0,29;25.613,310;25.492,690;214.968.846
dow-jones;08/08/2018;25.615,720;25.583,750;-0,18;25.634,110;25.557,480;217.774.326
dow-jones;07/08/2018;25.551,650;25.628,910;0,50;25.692,720;25.551,650;239.909.085
dow-jones;06/08/2018;25.437,430;25.502,180;0,16;25.540,020;25.381,380;238.991.513
dow-jones;03/08/2018;25.360,370;25.462,580;0,54;25.467,900;25.325,170;239.020.889
dow-jones;02/08/2018;25.256,450;25.326,160;-0,03;25.360,480;25.120,070;307.698.980
dow-jones;01/08/2018;25.461,630;25.333,820;-0,32;25.488,800;25.278,320;315.876.982
dow-jones;31/07/2018;25.345,210;25.415,190;0,43;25.490,980;25.345,210;348.698.789
dow-jones;30/07/2018;25.439,320;25.306,830;-0,57;25.500,160;25.287,380;296.883.690
dow-jones;27/07/2018;25.520,520;25.451,060;-0,30;25.580,220;25.370,070;329.677.338
dow-jones;26/07/2018;25.468,550;25.527,070;0,44;25.587,240;25.463,160;297.528.339
dow-jones;25/07/2018;25.183,700;25.414,100;0,68;25.432,870;25.113,550;273.670.253
dow-jones;24/07/2018;25.092,430;25.241,940;0,79;25.286,620;25.092,430;274.943.600
dow-jones;23/07/2018;25.036,900;25.044,290;-0,06;25.081,450;24.983,330;228.824.272
dow-jones;20/07/2018;25.041,140;25.058,120;-0,03;25.124,100;24.986,350;274.076.404
dow-jones;19/07/2018;25.139,150;25.064,500;-0,53;25.154,170;25.052,620;285.756.362
dow-jones;18/07/2018;25.133,790;25.199,290;0,32;25.215,320;25.101,120;252.867.312
dow-jones;17/07/2018;25.033,920;25.119,890;0,22;25.155,390;24.989,610;250.445.290
dow-jones;16/07/2018;25.025,580;25.064,360;0,18;25.072,410;24.979,640;231.268.652
dow-jones;13/07/2018;24.926,070;25.019,410;0,38;25.043,210;24.890,060;255.515.254
dow-jones;12/07/2018;24.802,900;24.924,890;0,91;24.939,970;24.802,900;233.154.674
dow-jones;11/07/2018;24.789,480;24.700,450;-0,88;24.815,160;24.663,820;237.371.386
dow-jones;10/07/2018;24.806,970;24.919,660;0,58;24.945,380;24.806,970;235.039.730
dow-jones;09/07/2018;24.519,200;24.776,590;1,31;24.796,520;24.518,430;240.581.867
dow-jones;06/07/2018;24.352,470;24.456,480;0,41;24.520,290;24.281,470;219.445.921
dow-jones;05/07/2018;24.285,820;24.356,740;0,75;24.372,800;24.177,440;237.669.484
dow-jones;03/07/2018;24.359,390;24.174,820;-0,54;24.444,880;24.150,850;160.955.003
dow-jones;02/07/2018;24.161,530;24.307,180;0,15;24.319,420;24.077,560;244.111.824
dow-jones;29/06/2018;24.323,930;24.271,410;0,23;24.509,520;24.269,710;329.069.195
dow-jones;28/06/2018;24.064,190;24.216,050;0,41;24.308,160;23.997,210;305.018.652
dow-jones;27/06/2018;24.303,110;24.117,590;-0,68;24.569,020;24.115,820;313.787.551
dow-jones;26/06/2018;24.281,890;24.283,110;0,12;24.384,210;24.241,220;301.133.715
dow-jones;25/06/2018;24.463,730;24.252,800;-1,33;24.463,730;24.084,390;439.131.327
dow-jones;22/06/2018;24.526,970;24.580,890;0,49;24.663,180;24.526,970;473.965.052
dow-jones;21/06/2018;24.639,210;24.461,700;-0,80;24.639,210;24.406,630;349.565.852
dow-jones;20/06/2018;24.771,170;24.657,800;-0,17;24.804,760;24.628,390;359.523.502
dow-jones;19/06/2018;24.763,590;24.700,210;-1,15;24.763,590;24.567,750;376.383.912
dow-jones;18/06/2018;24.944,280;24.987,470;-0,41;25.003,100;24.825,770;337.066.859
dow-jones;15/06/2018;25.116,710;25.090,480;-0,34;25.130,820;24.894,380;659.373.330
dow-jones;14/06/2018;25.254,650;25.175,310;-0,10;25.332,500;25.138,600;341.168.401
dow-jones;13/06/2018;25.328,650;25.201,200;-0,47;25.362,070;25.191,420;329.699.709
dow-jones;12/06/2018;25.346,820;25.320,730;-0,01;25.364,370;25.247,040;265.748.474
dow-jones;11/06/2018;25.336,670;25.322,310;0,02;25.402,830;25.290,200;276.743.816
dow-jones;08/06/2018;25.209,290;25.316,530;0,30;25.325,630;25.165,700;317.511.830
dow-jones;07/06/2018;25.192,140;25.241,410;0,38;25.326,090;25.164,480;357.682.477
dow-jones;06/06/2018;24.854,140;25.146,390;1,40;25.146,460;24.854,140;316.089.540
dow-jones;05/06/2018;24.820,120;24.799,980;-0,06;24.838,780;24.710,820;306.341.502
dow-jones;04/06/2018;24.727,550;24.813,690;0,72;24.859,370;24.722,140;340.399.579
dow-jones;01/06/2018;24.542,090;24.635,210;0,90;24.673,600;24.542,090;315.707.314
dow-jones;31/05/2018;24.620,790;24.415,840;-1,02;24.620,790;24.352,150;429.743.177
dow-jones;30/05/2018;24.467,830;24.667,780;1,26;24.714,480;24.459,090;324.874.267
dow-jones;29/05/2018;24.606,590;24.361,450;-1,58;24.635,180;24.247,840;395.806.456
dow-jones;25/05/2018;24.781,290;24.753,090;-0,24;24.824,220;24.687,810;257.211.712
dow-jones;24/05/2018;24.877,360;24.811,760;-0,30;24.877,360;24.605,900;347.051.120
dow-jones;23/05/2018;24.757,710;24.886,810;0,21;24.889,460;24.667,120;399.609.887
dow-jones;22/05/2018;25.047,550;24.834,410;-0,72;25.064,990;24.812,060;288.204.714
dow-jones;21/05/2018;24.883,060;25.013,290;1,21;25.086,490;24.883,060;308.921.612
dow-jones;18/05/2018;24.707,720;24.715,090;0,00;24.774,970;24.664,870;269.696.371
dow-jones;17/05/2018;24.752,400;24.713,980;-0,22;24.839,490;24.639,400;314.650.345
dow-jones;16/05/2018;24.722,320;24.768,930;0,25;24.801,190;24.672,790;280.812.814
dow-jones;15/05/2018;24.809,550;24.706,410;-0,78;24.809,550;24.629,390;301.903.205
dow-jones;14/05/2018;24.879,370;24.899,410;0,27;24.994,190;24.862,520;282.855.588
dow-jones;11/05/2018;24.758,640;24.831,170;0,37;24.868,650;24.717,500;274.145.837
dow-jones;10/05/2018;24.591,660;24.739,530;0,80;24.794,990;24.575,910;304.209.370
dow-jones;09/05/2018;24.399,180;24.542,540;0,75;24.586,480;24.323,870;361.584.696
dow-jones;08/05/2018;24.341,350;24.360,210;0,01;24.412,340;24.198,340;344.935.025
dow-jones;07/05/2018;24.317,660;24.357,320;0,39;24.479,450;24.263,420;307.674.344
dow-jones;04/05/2018;23.865,220;24.262,510;1,39;24.333,350;23.778,870;329.482.313
dow-jones;03/05/2018;23.836,230;23.930,150;0,02;23.996,150;23.531,310;389.239.720
dow-jones;02/05/2018;24.097,630;23.924,980;-0,72;24.185,520;23.886,300;385.346.919
dow-jones;01/05/2018;24.117,290;24.099,050;-0,27;24.117,290;23.808,190;380.066.052
dow-jones;30/04/2018;24.410,410;24.163,150;-0,61;24.498,230;24.163,080;416.652.391
dow-jones;27/04/2018;24.342,140;24.311,190;-0,05;24.359,380;24.194,450;392.806.021
dow-jones;26/04/2018;24.128,720;24.322,340;0,99;24.402,460;24.128,720;390.362.226
dow-jones;25/04/2018;24.070,200;24.083,830;0,25;24.146,340;23.823,080;437.103.293
dow-jones;24/04/2018;24.579,940;24.024,130;-1,74;24.579,940;23.828,730;468.175.686
dow-jones;23/04/2018;24.488,070;24.448,690;-0,06;24.536,890;24.328,540;351.034.918
dow-jones;20/04/2018;24.657,390;24.462,940;-0,82;24.678,070;24.375,040;537.769.284
dow-jones;19/04/2018;24.711,300;24.664,890;-0,34;24.762,480;24.557,030;381.114.870
dow-jones;18/04/2018;24.820,850;24.748,070;-0,16;24.832,540;24.721,090;302.026.350
dow-jones;17/04/2018;24.681,790;24.786,630;0,87;24.858,970;24.681,790;342.409.606
dow-jones;16/04/2018;24.483,150;24.573,040;0,87;24.675,360;24.480,200;305.067.042
dow-jones;13/04/2018;24.582,820;24.360,140;-0,50;24.646,450;24.243,740;331.885.760
dow-jones;12/04/2018;24.302,820;24.483,050;1,21;24.592,120;24.302,820;336.126.213
dow-jones;11/04/2018;24.274,190;24.189,450;-0,90;24.366,570;24.150,870;286.362.392
